
INSERT INTO `pokemon` (`id`, `code`, `name`, `main_type`, `second_type`, `picture`, `main_category_id`, `secondary_category_id`, `next_evolution_id`, `evolution_level`, `health`, `attack`, `defense`, `speed`) VALUES
(1, '#001', 'Bulbasaur', 'Grass', 'Poison', 'https://assets.pokemon.com/assets/cms2/img/pokedex/detail/001.png', 1, 6, 2, 16, 45, 49, 49, 45),
(2, '#002', 'Ivysaur', 'Grass', 'Poison', 'https://assets.pokemon.com/assets/cms2/img/pokedex/detail/002.png', 1, 6, 3, 32, 60, 62, 63, 60),
(3, '#003', 'Venusaur', 'Grass', 'Poison', 'https://assets.pokemon.com/assets/cms2/img/pokedex/detail/003.png', 1, 6, NULL, NULL, 80, 82, 83, 80),
(4, '#004', 'Charmander', 'Fire', NULL, 'https://assets.pokemon.com/assets/cms2/img/pokedex/detail/004.png', 2, NULL, 5, 16, 39, 52, 43, 65),
(5, '#005', 'Charmeleon', 'Fire', NULL, 'https://assets.pokemon.com/assets/cms2/img/pokedex/detail/005.png', 2, NULL, 6, 36, 58, 64, 58, 80),
(6, '#006', 'Charizard', 'Fire', 'Flying', 'https://assets.pokemon.com/assets/cms2/img/pokedex/detail/006.png', 2, NULL, NULL, NULL, 78, 84, 78, 100),
(7, '#007', 'Squirtle', 'Water', NULL, 'https://assets.pokemon.com/assets/cms2/img/pokedex/detail/007.png', 3, NULL, 8, 16, 44, 48, 65, 43),
(8, '#008', 'Wartortle', 'Water', NULL, 'https://assets.pokemon.com/assets/cms2/img/pokedex/detail/008.png', 3, NULL, 9, 36, 59, 63, 80, 58),
(9, '#009', 'Blastoise', 'Water', NULL, 'https://assets.pokemon.com/assets/cms2/img/pokedex/detail/009.png', 3, NULL, NULL, NULL, 79, 83, 100, 78),
(10, '#010', 'Caterpie', 'Bug', NULL, 'https://assets.pokemon.com/assets/cms2/img/pokedex/detail/010.png', 4, NULL, 11, 7, 45, 30, 35, 45),
(11, '#011', 'Metapod', 'Bug', NULL, 'https://assets.pokemon.com/assets/cms2/img/pokedex/detail/011.png', 4, NULL, 12, 10, 50, 20, 55, 30),
(12, '#012', 'Butterfree', 'Bug', 'Flying', 'https://assets.pokemon.com/assets/cms2/img/pokedex/detail/012.png', 4, NULL, NULL, NULL, 60, 45, 50, 70),
(13, '#013', 'Weedle', 'Bug', 'Poison', 'https://assets.pokemon.com/assets/cms2/img/pokedex/detail/013.png', 4, 6, 14, 7, 40, 35, 30, 50),
(14, '#014', 'Kakuna', 'Bug', 'Poison', 'https://assets.pokemon.com/assets/cms2/img/pokedex/detail/014.png', 4, 6, 15, 10, 45, 25, 50, 35),
(15, '#015', 'Beedrill', 'Bug', 'Poison', 'https://assets.pokemon.com/assets/cms2/img/pokedex/detail/015.png', 4, 6, NULL, NULL, 65, 90, 40, 75),
(16, '#016', 'Pidgey', 'Normal', 'Flying', 'https://assets.pokemon.com/assets/cms2/img/pokedex/detail/016.png', 5, NULL, 17, 18, 40, 45, 40, 56),
(17, '#017', 'Pidgeotto', 'Normal', 'Flying', 'https://assets.pokemon.com/assets/cms2/img/pokedex/detail/017.png', 5, NULL, 18, 36, 63, 60, 55, 71),
(18, '#018', 'Pidgeot', 'Normal', 'Flying', 'https://assets.pokemon.com/assets/cms2/img/pokedex/detail/018.png', 5, NULL, NULL, NULL, 83, 80, 75, 101),
(19, '#019', 'Rattata', 'Normal', NULL, 'https://assets.pokemon.com/assets/cms2/img/pokedex/detail/019.png', 5, NULL, 20, 20, 30, 56, 35, 72),
(20, '#020', 'Raticate', 'Normal', NULL, 'https://assets.pokemon.com/assets/cms2/img/pokedex/detail/020.png', 5, NULL, NULL, NULL, 55, 81, 60, 97),
(21, '#021', 'Spearow', 'Normal', 'Flying', 'https://assets.pokemon.com/assets/cms2/img/pokedex/detail/021.png', 5, NULL, 22, 20, 40, 60, 30, 70),
(22, '#022', 'Fearow', 'Normal', 'Flying', 'https://assets.pokemon.com/assets/cms2/img/pokedex/detail/022.png', 5, NULL, NULL, NULL, 65, 90, 65, 100),
(23, '#023', 'Ekans', 'Poison', NULL, 'https://assets.pokemon.com/assets/cms2/img/pokedex/detail/023.png', 6, NULL, 24, 22, 35, 60, 44, 55),
(24, '#024', 'Arbok', 'Poison', NULL, 'https://assets.pokemon.com/assets/cms2/img/pokedex/detail/024.png', 6, NULL, NULL, NULL, 60, 95, 69, 80),
(25, '#025', 'Pikachu', 'Electric', NULL, 'https://assets.pokemon.com/assets/cms2/img/pokedex/detail/025.png', 7, NULL, 26, 26, 35, 55, 40, 90),
(26, '#026', 'Raichu', 'Electric', NULL, 'https://assets.pokemon.com/assets/cms2/img/pokedex/detail/026.png', 7, NULL, NULL, NULL, 60, 90, 55, 110),
(27, '#027', 'Sandshrew', 'Ground', NULL, 'https://assets.pokemon.com/assets/cms2/img/pokedex/detail/027.png', 8, NULL, 28, 22, 50, 75, 85, 40),
(28, '#028', 'Sandslash', 'Ground', NULL, 'https://assets.pokemon.com/assets/cms2/img/pokedex/detail/028.png', 8, NULL, NULL, NULL, 75, 100, 110, 65),
(29, '#029', 'Nidoran♀', 'Poison', NULL, 'https://assets.pokemon.com/assets/cms2/img/pokedex/detail/029.png', 6, NULL, 30, 16, 55, 47, 52, 41),
(30, '#030', 'Nidorina', 'Poison', NULL, 'https://assets.pokemon.com/assets/cms2/img/pokedex/detail/030.png', 6, NULL, 31, 36, 70, 62, 67, 56),
(31, '#031', 'Nidoqueen', 'Poison', 'Ground', 'https://assets.pokemon.com/assets/cms2/img/pokedex/detail/031.png', 6, 8, NULL, NULL, 90, 92, 87, 76),
(32, '#032', 'Nidoran♂', 'Poison', NULL, 'https://assets.pokemon.com/assets/cms2/img/pokedex/detail/032.png', 6, NULL, 33, 16, 46, 57, 40, 50),
(33, '#033', 'Nidorino', 'Poison', NULL, 'https://assets.pokemon.com/assets/cms2/img/pokedex/detail/033.png', 6, NULL, 34, 36, 61, 72, 57, 65),
(34, '#034', 'Nidoking', 'Poison', 'Ground', 'https://assets.pokemon.com/assets/cms2/img/pokedex/detail/034.png', 6, 8, NULL, NULL, 81, 102, 77, 85),
(35, '#035', 'Clefairy', 'Fairy', NULL, 'https://assets.pokemon.com/assets/cms2/img/pokedex/detail/035.png', 9, NULL, 36, 30, 70, 45, 48, 35),
(36, '#036', 'Clefable', 'Fairy', NULL, 'https://assets.pokemon.com/assets/cms2/img/pokedex/detail/036.png', 9, NULL, NULL, NULL, 95, 70, 73, 60),
(37, '#037', 'Vulpix', 'Fire', NULL, 'https://assets.pokemon.com/assets/cms2/img/pokedex/detail/037.png', 2, NULL, 38, 35, 38, 41, 40, 65),
(38, '#038', 'Ninetales', 'Fire', NULL, 'https://assets.pokemon.com/assets/cms2/img/pokedex/detail/038.png', 2, NULL, NULL, NULL, 73, 76, 75, 100),
(39, '#039', 'Jigglypuff', 'Normal', 'Fairy', 'https://assets.pokemon.com/assets/cms2/img/pokedex/detail/039.png', 5, 9, 40, 36, 115, 45, 20, 20),
(40, '#040', 'Wigglytuff', 'Normal', 'Fairy', 'https://assets.pokemon.com/assets/cms2/img/pokedex/detail/040.png', 5, 9, NULL, NULL, 140, 70, 45, 45),
(41, '#041', 'Zubat', 'Poison', 'Flying', 'https://assets.pokemon.com/assets/cms2/img/pokedex/detail/041.png', 6, NULL, 42, 22, 40, 45, 35, 55),
(42, '#042', 'Golbat', 'Poison', 'Flying', 'https://assets.pokemon.com/assets/cms2/img/pokedex/detail/042.png', 6, NULL, NULL, NULL, 75, 80, 70, 90),
(43, '#043', 'Oddish', 'Grass', 'Poison', 'https://assets.pokemon.com/assets/cms2/img/pokedex/detail/043.png', 1, 6, 44, 21, 45, 50, 55, 30),
(44, '#044', 'Gloom', 'Grass', 'Poison', 'https://assets.pokemon.com/assets/cms2/img/pokedex/detail/044.png', 1, 6, 45, 36, 60, 65, 70, 40),
(45, '#045', 'Vileplume', 'Grass', 'Poison', 'https://assets.pokemon.com/assets/cms2/img/pokedex/detail/045.png', 1, 6, NULL, NULL, 75, 80, 85, 50),
(46, '#046', 'Paras', 'Bug', 'Grass', 'https://assets.pokemon.com/assets/cms2/img/pokedex/detail/046.png', 4, 1, 47, 24, 35, 70, 55, 25),
(47, '#047', 'Parasect', 'Bug', 'Grass', 'https://assets.pokemon.com/assets/cms2/img/pokedex/detail/047.png', 4, 1, NULL, NULL, 60, 95, 80, 30),
(48, '#048', 'Venonat', 'Bug', 'Poison', 'https://assets.pokemon.com/assets/cms2/img/pokedex/detail/048.png', 4, 6, 49, 31, 60, 55, 50, 45),
(49, '#049', 'Venomoth', 'Bug', 'Poison', 'https://assets.pokemon.com/assets/cms2/img/pokedex/detail/049.png', 4, 6, NULL, NULL, 70, 65, 60, 90),
(50, '#050', 'Diglett', 'Ground', NULL, 'https://assets.pokemon.com/assets/cms2/img/pokedex/detail/050.png', 8, NULL, 51, 26, 10, 55, 25, 95),
(51, '#051', 'Dugtrio', 'Ground', NULL, 'https://assets.pokemon.com/assets/cms2/img/pokedex/detail/051.png', 8, NULL, NULL, NULL, 35, 100, 50, 120),
(52, '#052', 'Meowth', 'Normal', NULL, 'https://assets.pokemon.com/assets/cms2/img/pokedex/detail/052.png', 5, NULL, 53, 28, 40, 45, 35, 90),
(53, '#053', 'Persian', 'Normal', NULL, 'https://assets.pokemon.com/assets/cms2/img/pokedex/detail/053.png', 5, NULL, NULL, NULL, 65, 70, 60, 115),
(54, '#054', 'Psyduck', 'Water', NULL, 'https://assets.pokemon.com/assets/cms2/img/pokedex/detail/054.png', 3, NULL, 55, 33, 50, 52, 48, 55),
(55, '#055', 'Golduck', 'Water', NULL, 'https://assets.pokemon.com/assets/cms2/img/pokedex/detail/055.png', 3, NULL, NULL, NULL, 80, 82, 78, 85),
(56, '#056', 'Mankey', 'Fighting', NULL, 'https://assets.pokemon.com/assets/cms2/img/pokedex/detail/056.png', 10, NULL, 57, 28, 40, 80, 35, 70),
(57, '#057', 'Primeape', 'Fighting', NULL, 'https://assets.pokemon.com/assets/cms2/img/pokedex/detail/057.png', 10, NULL, NULL, NULL, 65, 105, 60, 95),
(58, '#058', 'Growlithe', 'Fire', NULL, 'https://assets.pokemon.com/assets/cms2/img/pokedex/detail/058.png', 2, NULL, 59, 36, 55, 70, 45, 60),
(59, '#059', 'Arcanine', 'Fire', NULL, 'https://assets.pokemon.com/assets/cms2/img/pokedex/detail/059.png', 2, NULL, NULL, NULL, 90, 110, 80, 95),
(60, '#060', 'Poliwag', 'Water', NULL, 'https://assets.pokemon.com/assets/cms2/img/pokedex/detail/060.png', 3, NULL, 61, 25, 40, 50, 40, 90),
(61, '#061', 'Poliwhirl', 'Water', NULL, 'https://assets.pokemon.com/assets/cms2/img/pokedex/detail/061.png', 3, NULL, 62, 38, 65, 65, 65, 90),
(62, '#062', 'Poliwrath', 'Water', 'Fighting', 'https://assets.pokemon.com/assets/cms2/img/pokedex/detail/062.png', 3, 10, NULL, NULL, 90, 95, 95, 70),
(63, '#063', 'Abra', 'Psychic', NULL, 'https://assets.pokemon.com/assets/cms2/img/pokedex/detail/063.png', 11, NULL, 64, 16, 25, 20, 15, 90),
(64, '#064', 'Kadabra', 'Psychic', NULL, 'https://assets.pokemon.com/assets/cms2/img/pokedex/detail/064.png', 11, NULL, 65, 32, 40, 35, 30, 105),
(65, '#065', 'Alakazam', 'Psychic', NULL, 'https://assets.pokemon.com/assets/cms2/img/pokedex/detail/065.png', 11, NULL, NULL, NULL, 55, 50, 45, 120),
(66, '#066', 'Machop', 'Fighting', NULL, 'https://assets.pokemon.com/assets/cms2/img/pokedex/detail/066.png', 10, NULL, 67, 28, 70, 80, 50, 35),
(67, '#067', 'Machoke', 'Fighting', NULL, 'https://assets.pokemon.com/assets/cms2/img/pokedex/detail/067.png', 10, NULL, 68, 32, 80, 100, 70, 45),
(68, '#068', 'Machamp', 'Fighting', NULL, 'https://assets.pokemon.com/assets/cms2/img/pokedex/detail/068.png', 10, NULL, NULL, NULL, 90, 130, 80, 55),
(69, '#069', 'Bellsprout', 'Grass', 'Poison', 'https://assets.pokemon.com/assets/cms2/img/pokedex/detail/069.png', 1, 6, 70, 21, 50, 75, 35, 40),
(70, '#070', 'Weepinbell', 'Grass', 'Poison', 'https://assets.pokemon.com/assets/cms2/img/pokedex/detail/070.png', 1, 6, 71, 38, 65, 90, 50, 55),
(71, '#071', 'Victreebel', 'Grass', 'Poison', 'https://assets.pokemon.com/assets/cms2/img/pokedex/detail/071.png', 1, 6, NULL, NULL, 80, 105, 65, 70),
(72, '#072', 'Tentacool', 'Water', 'Poison', 'https://assets.pokemon.com/assets/cms2/img/pokedex/detail/072.png', 3, 6, 73, 30, 40, 40, 35, 70),
(73, '#073', 'Tentacruel', 'Water', 'Poison', 'https://assets.pokemon.com/assets/cms2/img/pokedex/detail/073.png', 3, 6, NULL, NULL, 80, 70, 65, 100),
(74, '#074', 'Geodude', 'Rock', 'Ground', 'https://assets.pokemon.com/assets/cms2/img/pokedex/detail/074.png', 12, 8, 75, 25, 40, 80, 100, 20),
(75, '#075', 'Graveler', 'Rock', 'Ground', 'https://assets.pokemon.com/assets/cms2/img/pokedex/detail/075.png', 12, 8, 76, 38, 55, 95, 115, 35),
(76, '#076', 'Golem', 'Rock', 'Ground', 'https://assets.pokemon.com/assets/cms2/img/pokedex/detail/076.png', 12, 8, NULL, NULL, 80, 120, 130, 45),
(77, '#077', 'Ponyta', 'Fire', NULL, 'https://assets.pokemon.com/assets/cms2/img/pokedex/detail/077.png', 2, NULL, 78, 40, 50, 85, 55, 90),
(78, '#078', 'Rapidash', 'Fire', NULL, 'https://assets.pokemon.com/assets/cms2/img/pokedex/detail/078.png', 2, NULL, NULL, NULL, 65, 100, 70, 105),
(79, '#079', 'Slowpoke', 'Water', 'Psychic', 'https://assets.pokemon.com/assets/cms2/img/pokedex/detail/079.png', 3, 11, 80, 37, 90, 65, 65, 15),
(80, '#080', 'Slowbro', 'Water', 'Psychic', 'https://assets.pokemon.com/assets/cms2/img/pokedex/detail/080.png', 3, 11, NULL, NULL, 95, 75, 110, 30),
(81, '#081', 'Magnemite', 'Electric', 'Steel', 'https://assets.pokemon.com/assets/cms2/img/pokedex/detail/081.png', 7, NULL, 82, 30, 25, 35, 70, 45),
(82, '#082', 'Magneton', 'Electric', 'Steel', 'https://assets.pokemon.com/assets/cms2/img/pokedex/detail/082.png', 7, NULL, NULL, NULL, 50, 60, 95, 70),
(83, '#083', 'Farfetch\'d', 'Normal', 'Flying', 'https://assets.pokemon.com/assets/cms2/img/pokedex/detail/083.png', 5, NULL, NULL, NULL, 52, 90, 55, 60),
(84, '#084', 'Doduo', 'Normal', 'Flying', 'https://assets.pokemon.com/assets/cms2/img/pokedex/detail/084.png', 5, NULL, 85, 31, 35, 85, 45, 75),
(85, '#085', 'Dodrio', 'Normal', 'Flying', 'https://assets.pokemon.com/assets/cms2/img/pokedex/detail/085.png', 5, NULL, NULL, NULL, 60, 110, 70, 110),
(86, '#086', 'Seel', 'Water', NULL, 'https://assets.pokemon.com/assets/cms2/img/pokedex/detail/086.png', 3, NULL, 87, 34, 65, 45, 55, 45),
(87, '#087', 'Dewgong', 'Water', 'Ice', 'https://assets.pokemon.com/assets/cms2/img/pokedex/detail/087.png', 3, 14, NULL, NULL, 90, 70, 80, 70),
(88, '#088', 'Grimer', 'Poison', NULL, 'https://assets.pokemon.com/assets/cms2/img/pokedex/detail/088.png', 6, NULL, 89, 38, 80, 80, 50, 25),
(89, '#089', 'Muk', 'Poison', NULL, 'https://assets.pokemon.com/assets/cms2/img/pokedex/detail/089.png', 6, NULL, NULL, NULL, 105, 105, 75, 50),
(90, '#090', 'Shellder', 'Water', NULL, 'https://assets.pokemon.com/assets/cms2/img/pokedex/detail/090.png', 3, NULL, 91, 35, 30, 65, 100, 40),
(91, '#091', 'Cloyster', 'Water', 'Ice', 'https://assets.pokemon.com/assets/cms2/img/pokedex/detail/091.png', 3, 14, NULL, NULL, 50, 95, 180, 70),
(92, '#092', 'Gastly', 'Ghost', 'Poison', 'https://assets.pokemon.com/assets/cms2/img/pokedex/detail/092.png', 13, 6, 93, 25, 30, 35, 30, 80),
(93, '#093', 'Haunter', 'Ghost', 'Poison', 'https://assets.pokemon.com/assets/cms2/img/pokedex/detail/093.png', 13, 6, 94, 37, 45, 50, 45, 95),
(94, '#094', 'Gengar', 'Ghost', 'Poison', 'https://assets.pokemon.com/assets/cms2/img/pokedex/detail/094.png', 13, 6, NULL, NULL, 60, 65, 60, 110),
(95, '#095', 'Onix', 'Rock', 'Ground', 'https://assets.pokemon.com/assets/cms2/img/pokedex/detail/095.png', 12, 8, NULL, NULL, 35, 45, 160, 70),
(96, '#096', 'Drowzee', 'Psychic', NULL, 'https://assets.pokemon.com/assets/cms2/img/pokedex/detail/096.png', 11, NULL, 97, 26, 60, 48, 45, 42),
(97, '#097', 'Hypno', 'Psychic', NULL, 'https://assets.pokemon.com/assets/cms2/img/pokedex/detail/097.png', 11, NULL, NULL, NULL, 85, 73, 70, 67),
(98, '#098', 'Krabby', 'Water', NULL, 'https://assets.pokemon.com/assets/cms2/img/pokedex/detail/098.png', 3, NULL, 99, 28, 30, 105, 90, 50),
(99, '#099', 'Kingler', 'Water', NULL, 'https://assets.pokemon.com/assets/cms2/img/pokedex/detail/099.png', 3, NULL, NULL, NULL, 55, 130, 115, 75),
(100, '#100', 'Voltorb', 'Electric', NULL, 'https://assets.pokemon.com/assets/cms2/img/pokedex/detail/100.png', 7, NULL, 101, 30, 40, 30, 50, 100),
(101, '#101', 'Electrode', 'Electric', NULL, 'https://assets.pokemon.com/assets/cms2/img/pokedex/detail/101.png', 7, NULL, NULL, NULL, 60, 50, 70, 150),
(102, '#102', 'Exeggcute', 'Grass', 'Psychic', 'https://assets.pokemon.com/assets/cms2/img/pokedex/detail/102.png', 1, 11, 103, 28, 60, 40, 80, 40),
(103, '#103', 'Exeggutor', 'Grass', 'Psychic', 'https://assets.pokemon.com/assets/cms2/img/pokedex/detail/103.png', 1, 11, NULL, NULL, 95, 95, 85, 55),
(104, '#104', 'Cubone', 'Ground', NULL, 'https://assets.pokemon.com/assets/cms2/img/pokedex/detail/104.png', 8, NULL, 105, 28, 50, 50, 95, 35),
(105, '#105', 'Marowak', 'Ground', NULL, 'https://assets.pokemon.com/assets/cms2/img/pokedex/detail/105.png', 8, NULL, NULL, NULL, 60, 80, 110, 45),
(106, '#106', 'Hitmonlee', 'Fighting', NULL, 'https://assets.pokemon.com/assets/cms2/img/pokedex/detail/106.png', 10, NULL, NULL, NULL, 50, 120, 53, 87),
(107, '#107', 'Hitmonchan', 'Fighting', NULL, 'https://assets.pokemon.com/assets/cms2/img/pokedex/detail/107.png', 10, NULL, NULL, NULL, 50, 105, 79, 76),
(108, '#108', 'Lickitung', 'Normal', NULL, 'https://assets.pokemon.com/assets/cms2/img/pokedex/detail/108.png', 5, NULL, NULL, NULL, 90, 55, 75, 30),
(109, '#109', 'Koffing', 'Poison', NULL, 'https://assets.pokemon.com/assets/cms2/img/pokedex/detail/109.png', 6, NULL, 110, 35, 40, 65, 95, 35),
(110, '#110', 'Weezing', 'Poison', NULL, 'https://assets.pokemon.com/assets/cms2/img/pokedex/detail/110.png', 6, NULL, NULL, NULL, 65, 90, 120, 60),
(111, '#111', 'Rhyhorn', 'Ground', 'Rock', 'https://assets.pokemon.com/assets/cms2/img/pokedex/detail/111.png', 8, 12, 112, 42, 80, 85, 95, 25),
(112, '#112', 'Rhydon', 'Ground', 'Rock', 'https://assets.pokemon.com/assets/cms2/img/pokedex/detail/112.png', 8, 12, NULL, NULL, 105, 130, 120, 40),
(113, '#113', 'Chansey', 'Normal', NULL, 'https://assets.pokemon.com/assets/cms2/img/pokedex/detail/113.png', 5, NULL, NULL, NULL, 250, 5, 5, 50),
(114, '#114', 'Tangela', 'Grass', NULL, 'https://assets.pokemon.com/assets/cms2/img/pokedex/detail/114.png', 1, NULL, NULL, NULL, 65, 55, 115, 60),
(115, '#115', 'Kangaskhan', 'Normal', NULL, 'https://assets.pokemon.com/assets/cms2/img/pokedex/detail/115.png', 5, NULL, NULL, NULL, 105, 95, 80, 90),
(116, '#116', 'Horsea', 'Water', NULL, 'https://assets.pokemon.com/assets/cms2/img/pokedex/detail/116.png', 3, NULL, 117, 32, 30, 40, 70, 60),
(117, '#117', 'Seadra', 'Water', NULL, 'https://assets.pokemon.com/assets/cms2/img/pokedex/detail/117.png', 3, NULL, NULL, NULL, 55, 65, 95, 85),
(118, '#118', 'Goldeen', 'Water', NULL, 'https://assets.pokemon.com/assets/cms2/img/pokedex/detail/118.png', 3, NULL, 119, 33, 45, 67, 60, 63),
(119, '#119', 'Seaking', 'Water', NULL, 'https://assets.pokemon.com/assets/cms2/img/pokedex/detail/119.png', 3, NULL, NULL, NULL, 80, 92, 65, 68),
(120, '#120', 'Staryu', 'Water', NULL, 'https://assets.pokemon.com/assets/cms2/img/pokedex/detail/120.png', 3, NULL, 121, 32, 30, 45, 55, 85),
(121, '#121', 'Starmie', 'Water', 'Psychic', 'https://assets.pokemon.com/assets/cms2/img/pokedex/detail/121.png', 3, 11, NULL, NULL, 60, 75, 85, 115),
(122, '#122', 'Mr. Mime', 'Psychic', 'Fairy', 'https://assets.pokemon.com/assets/cms2/img/pokedex/detail/122.png', 11, 9, NULL, NULL, 40, 45, 65, 90),
(123, '#123', 'Scyther', 'Bug', 'Flying', 'https://assets.pokemon.com/assets/cms2/img/pokedex/detail/123.png', 4, NULL, NULL, NULL, 70, 110, 80, 105),
(124, '#124', 'Jynx', 'Ice', 'Psychic', 'https://assets.pokemon.com/assets/cms2/img/pokedex/detail/124.png', 14, 11, NULL, NULL, 65, 50, 35, 95),
(125, '#125', 'Electabuzz', 'Electric', NULL, 'https://assets.pokemon.com/assets/cms2/img/pokedex/detail/125.png', 7, NULL, NULL, NULL, 65, 83, 57, 105),
(126, '#126', 'Magmar', 'Fire', NULL, 'https://assets.pokemon.com/assets/cms2/img/pokedex/detail/126.png', 2, NULL, NULL, NULL, 65, 95, 57, 93),
(127, '#127', 'Pinsir', 'Bug', NULL, 'https://assets.pokemon.com/assets/cms2/img/pokedex/detail/127.png', 4, NULL, NULL, NULL, 65, 125, 100, 85),
(128, '#128', 'Tauros', 'Normal', NULL, 'https://assets.pokemon.com/assets/cms2/img/pokedex/detail/128.png', 5, NULL, NULL, NULL, 75, 100, 95, 110),
(129, '#129', 'Magikarp', 'Water', NULL, 'https://assets.pokemon.com/assets/cms2/img/pokedex/detail/129.png', 3, NULL, 130, 20, 20, 10, 55, 80),
(130, '#130', 'Gyarados', 'Water', 'Flying', 'https://assets.pokemon.com/assets/cms2/img/pokedex/detail/130.png', 3, NULL, NULL, NULL, 95, 125, 79, 81),
(131, '#131', 'Lapras', 'Water', 'Ice', 'https://assets.pokemon.com/assets/cms2/img/pokedex/detail/131.png', 3, 14, 132, NULL, 130, 85, 80, 60),
(132, '#132', 'Ditto', 'Normal', NULL, 'https://assets.pokemon.com/assets/cms2/img/pokedex/detail/132.png', 5, NULL, NULL, NULL, 48, 48, 48, 48),
(133, '#133', 'Eevee', 'Normal', NULL, 'https://assets.pokemon.com/assets/cms2/img/pokedex/detail/133.png', 5, NULL, NULL, NULL, 55, 55, 50, 55),
(134, '#134', 'Vaporeon', 'Water', NULL, 'https://assets.pokemon.com/assets/cms2/img/pokedex/detail/134.png', 3, NULL, NULL, NULL, 130, 65, 60, 65),
(135, '#135', 'Jolteon', 'Electric', NULL, 'https://assets.pokemon.com/assets/cms2/img/pokedex/detail/135.png', 7, NULL, NULL, NULL, 65, 65, 60, 130),
(136, '#136', 'Flareon', 'Fire', NULL, 'https://assets.pokemon.com/assets/cms2/img/pokedex/detail/136.png', 2, NULL, NULL, NULL, 65, 130, 60, 65),
(137, '#137', 'Porygon', 'Normal', NULL, 'https://assets.pokemon.com/assets/cms2/img/pokedex/detail/137.png', 5, NULL, NULL, NULL, 65, 60, 70, 40),
(138, '#138', 'Omanyte', 'Rock', 'Water', 'https://assets.pokemon.com/assets/cms2/img/pokedex/detail/138.png', 12, 3, 139, 40, 35, 40, 100, 35),
(139, '#139', 'Omastar', 'Rock', 'Water', 'https://assets.pokemon.com/assets/cms2/img/pokedex/detail/139.png', 12, 3, NULL, NULL, 70, 60, 125, 55),
(140, '#140', 'Kabuto', 'Rock', 'Water', 'https://assets.pokemon.com/assets/cms2/img/pokedex/detail/140.png', 12, 3, 141, 40, 30, 80, 90, 55),
(141, '#141', 'Kabutops', 'Rock', 'Water', 'https://assets.pokemon.com/assets/cms2/img/pokedex/detail/141.png', 12, 3, NULL, NULL, 60, 115, 105, 80),
(142, '#142', 'Aerodactyl', 'Rock', 'Flying', 'https://assets.pokemon.com/assets/cms2/img/pokedex/detail/142.png', 12, NULL, NULL, NULL, 80, 105, 65, 130),
(143, '#143', 'Snorlax', 'Normal', NULL, 'https://assets.pokemon.com/assets/cms2/img/pokedex/detail/143.png', 5, NULL, NULL, NULL, 160, 110, 65, 30),
(144, '#144', 'Articuno', 'Ice', 'Flying', 'https://assets.pokemon.com/assets/cms2/img/pokedex/detail/144.png', 14, NULL, NULL, NULL, 90, 85, 100, 85),
(145, '#145', 'Zapdos', 'Electric', 'Flying', 'https://assets.pokemon.com/assets/cms2/img/pokedex/detail/145.png', 7, NULL, NULL, NULL, 90, 90, 85, 100),
(146, '#146', 'Moltres', 'Fire', 'Flying', 'https://assets.pokemon.com/assets/cms2/img/pokedex/detail/146.png', 2, NULL, NULL, NULL, 90, 100, 90, 90),
(147, '#147', 'Dratini', 'Dragon', NULL, 'https://assets.pokemon.com/assets/cms2/img/pokedex/detail/147.png', 15, NULL, 148, 30, 41, 64, 45, 50),
(148, '#148', 'Dragonair', 'Dragon', NULL, 'https://assets.pokemon.com/assets/cms2/img/pokedex/detail/148.png', 15, NULL, 149, 55, 61, 84, 65, 70),
(149, '#149', 'Dragonite', 'Dragon', 'Flying', 'https://assets.pokemon.com/assets/cms2/img/pokedex/detail/149.png', 15, NULL, NULL, NULL, 91, 134, 95, 80),
(150, '#150', 'Mewtwo', 'Psychic', NULL, 'https://assets.pokemon.com/assets/cms2/img/pokedex/detail/150.png', 11, NULL, NULL, NULL, 106, 110, 90, 130),
(151, '#151', 'Mew', 'Psychic', NULL, 'https://assets.pokemon.com/assets/cms2/img/pokedex/detail/151.png', 11, NULL, NULL, NULL, 100, 100, 100, 100);


INSERT INTO `ability` (`id`, `pokemon_id`, `level`, `move`) VALUES
(1, 1, 1, 'Growl'),
(2, 1, 1, 'Tackle'),
(3, 1, 3, 'Vine Whip'),
(4, 1, 6, 'Growth'),
(5, 1, 9, 'Leech Seed'),
(6, 1, 12, 'Razor Leaf'),
(7, 1, 15, 'Poison Powder'),
(8, 1, 15, 'Sleep Powder'),
(9, 1, 18, 'Seed Bomb'),
(10, 1, 21, 'Take Down'),
(11, 1, 24, 'Sweet Scent'),
(12, 1, 27, 'Synthesis'),
(13, 1, 30, 'Worry Seed'),
(14, 1, 33, 'Double-Edge'),
(15, 1, 36, 'Solar Beam'),
(16, 2, 1, 'Growl'),
(17, 2, 1, 'Growth'),
(18, 2, 1, 'Tackle'),
(19, 2, 1, 'Vine Whip'),
(20, 2, 9, 'Leech Seed'),
(21, 2, 12, 'Razor Leaf'),
(22, 2, 15, 'Poison Powder'),
(23, 2, 15, 'Sleep Powder'),
(24, 2, 20, 'Seed Bomb'),
(25, 2, 25, 'Take Down'),
(26, 2, 30, 'Sweet Scent'),
(27, 2, 35, 'Synthesis'),
(28, 2, 40, 'Worry Seed'),
(29, 2, 45, 'Double-Edge'),
(30, 2, 50, 'Solar Beam'),
(31, 3, 1, 'Growl'),
(32, 3, 1, 'Growth'),
(33, 3, 1, 'Petal Blizzard'),
(34, 3, 1, 'Petal Dance'),
(35, 3, 1, 'Tackle'),
(36, 3, 1, 'Vine Whip'),
(37, 3, 9, 'Leech Seed'),
(38, 3, 12, 'Razor Leaf'),
(39, 3, 15, 'Poison Powder'),
(40, 3, 15, 'Sleep Powder'),
(41, 3, 20, 'Seed Bomb'),
(42, 3, 25, 'Take Down'),
(43, 3, 30, 'Sweet Scent'),
(44, 3, 37, 'Synthesis'),
(45, 3, 44, 'Worry Seed'),
(46, 3, 51, 'Double-Edge'),
(47, 3, 58, 'Solar Beam'),
(48, 4, 1, 'Growl'),
(49, 4, 1, 'Scratch'),
(50, 4, 4, 'Ember'),
(51, 4, 8, 'Smokescreen'),
(52, 4, 12, 'Dragon Breath'),
(53, 4, 17, 'Fire Fang'),
(54, 4, 20, 'Slash'),
(55, 4, 24, 'Flamethrower'),
(56, 4, 28, 'Scary Face'),
(57, 4, 32, 'Fire Spin'),
(58, 4, 36, 'Inferno'),
(59, 4, 40, 'Flare Blitz'),
(60, 5, 1, 'Ember'),
(61, 5, 1, 'Growl'),
(62, 5, 1, 'Scratch'),
(63, 5, 1, 'Smokescreen'),
(64, 5, 12, 'Dragon Breath'),
(65, 5, 19, 'Fire Fang'),
(66, 5, 24, 'Slash'),
(67, 5, 30, 'Flamethrower'),
(68, 5, 37, 'Scary Face'),
(69, 5, 48, 'Inferno'),
(70, 5, 54, 'Flare Blitz'),
(71, 6, 1, 'Dragon Claw'),
(72, 6, 1, 'Ember'),
(73, 6, 1, 'Growl'),
(74, 6, 1, 'Heat Wave'),
(75, 6, 1, 'Scratch'),
(76, 6, 1, 'Smokescreen'),
(77, 6, 12, 'Dragon Breath'),
(78, 6, 19, 'Fire Fang'),
(79, 6, 24, 'Slash'),
(80, 6, 30, 'Flamethrower'),
(81, 6, 39, 'Scary Face'),
(82, 6, 46, 'Fire Spin'),
(83, 6, 54, 'Inferno'),
(84, 6, 62, 'Flare Blitz'),
(85, 7, 1, 'Tackle'),
(86, 7, 1, 'Tail Whip'),
(87, 7, 3, 'Water Gun'),
(88, 7, 6, 'Withdraw'),
(89, 7, 9, 'Rapid Spin'),
(90, 7, 12, 'Bite'),
(91, 7, 15, 'Water Pulse'),
(92, 7, 18, 'Protect'),
(93, 7, 21, 'Rain Dance'),
(94, 7, 24, 'Aqua Tail'),
(95, 7, 27, 'Shell Smash'),
(96, 7, 30, 'Iron Defense'),
(97, 7, 33, 'Hydro Pump'),
(98, 7, 36, 'Skull Bash'),
(99, 8, 1, 'Tackle'),
(100, 8, 1, 'Tail Whip'),
(101, 8, 1, 'Water Gun'),
(102, 8, 1, 'Withdraw'),
(103, 8, 9, 'Rapid Spin'),
(104, 8, 12, 'Bite'),
(105, 8, 15, 'Water Pulse'),
(106, 8, 20, 'Protect'),
(107, 8, 25, 'Rain Dance'),
(108, 8, 30, 'Aqua Tail'),
(109, 8, 35, 'Shell Smash'),
(110, 8, 40, 'Iron Defense'),
(111, 8, 45, 'Hydro Pump'),
(112, 8, 50, 'Skull Bash'),
(113, 9, 1, 'Flash Cannon'),
(114, 9, 1, 'Tackle'),
(115, 9, 1, 'Tail Whip'),
(116, 9, 1, 'Water Gun'),
(117, 9, 1, 'Withdraw'),
(118, 9, 9, 'Rapid Spin'),
(119, 9, 12, 'Bite'),
(120, 9, 15, 'Water Pulse'),
(121, 9, 20, 'Protect'),
(122, 9, 25, 'Rain Dance'),
(123, 9, 30, 'Aqua Tail'),
(124, 9, 35, 'Shell Smash'),
(125, 9, 42, 'Iron Defense'),
(126, 9, 49, 'Hydro Pump'),
(127, 9, 56, 'Skull Bash'),
(128, 10, 1, 'String Shot'),
(129, 10, 1, 'Tackle'),
(130, 10, 9, 'Bug Bite'),
(131, 11, 1, 'Harden'),
(132, 12, 1, 'Bug Bite'),
(133, 12, 1, 'Gust'),
(134, 12, 1, 'Harden'),
(135, 12, 1, 'String Shot'),
(136, 12, 1, 'Tackle'),
(137, 12, 4, 'Supersonic'),
(138, 12, 8, 'Confusion'),
(139, 12, 12, 'Poison Powder'),
(140, 12, 12, 'Sleep Powder'),
(141, 12, 12, 'Stun Spore'),
(142, 12, 16, 'Psybeam'),
(143, 12, 20, 'Whirlwind'),
(144, 12, 24, 'Air Slash'),
(145, 12, 28, 'Safeguard'),
(146, 12, 32, 'Bug Buzz'),
(147, 12, 36, 'Tailwind'),
(148, 12, 40, 'Rage Powder'),
(149, 12, 44, 'Quiver Dance'),
(150, 13, 1, 'Poison Sting'),
(151, 13, 1, 'String Shot'),
(152, 13, 9, 'Bug Bite'),
(153, 14, 1, 'Harden'),
(154, 15, 1, 'Bug Bite'),
(155, 15, 1, 'Fury Attack'),
(156, 15, 1, 'Harden'),
(157, 15, 1, 'Poison Sting'),
(158, 15, 1, 'String Shot'),
(159, 15, 11, 'Fury Cutter'),
(160, 15, 14, 'Laser Focus'),
(161, 15, 17, 'Poison Sting'),
(162, 15, 20, 'Focus Energy'),
(163, 15, 23, 'Venoshock'),
(164, 15, 26, 'Assurance'),
(165, 15, 29, 'Toxic Spikes'),
(166, 15, 32, 'Pin Missile'),
(167, 15, 35, 'Poison Jab'),
(168, 15, 38, 'Agility'),
(169, 15, 41, 'Endeavor'),
(170, 15, 44, 'Fell Stinger'),
(171, 16, 1, 'Tackle'),
(172, 16, 5, 'Sand Attack'),
(173, 16, 9, 'Gust'),
(174, 16, 13, 'Quick Attack'),
(175, 16, 17, 'Whirlwind'),
(176, 16, 21, 'Twister'),
(177, 16, 25, 'Feather Dance'),
(178, 16, 29, 'Agility'),
(179, 16, 33, 'Wing Attack'),
(180, 16, 37, 'Roost'),
(181, 16, 41, 'Tailwind'),
(182, 16, 45, 'Aerial Ace'),
(183, 16, 49, 'Air Slash'),
(184, 16, 53, 'Hurricane'),
(185, 17, 1, 'Gust'),
(186, 17, 1, 'Sand Attack'),
(187, 17, 1, 'Tackle'),
(188, 17, 5, 'Sand Attack'),
(189, 17, 9, 'Gust'),
(190, 17, 13, 'Quick Attack'),
(191, 17, 17, 'Whirlwind'),
(192, 17, 22, 'Twister'),
(193, 17, 27, 'Feather Dance'),
(194, 17, 32, 'Agility'),
(195, 17, 37, 'Wing Attack'),
(196, 17, 42, 'Roost'),
(197, 17, 47, 'Tailwind'),
(198, 17, 52, 'Aerial Ace'),
(199, 17, 57, 'Air Slash'),
(200, 17, 62, 'Hurricane'),
(201, 18, 1, 'Gust'),
(202, 18, 1, 'Hurricane'),
(203, 18, 1, 'Quick Attack'),
(204, 18, 1, 'Sand Attack'),
(205, 18, 1, 'Tackle'),
(206, 18, 5, 'Sand Attack'),
(207, 18, 9, 'Gust'),
(208, 18, 13, 'Quick Attack'),
(209, 18, 17, 'Whirlwind'),
(210, 18, 22, 'Twister'),
(211, 18, 27, 'Feather Dance'),
(212, 18, 32, 'Agility'),
(213, 18, 38, 'Wing Attack'),
(214, 18, 44, 'Roost'),
(215, 18, 50, 'Tailwind'),
(216, 18, 56, 'Aerial Ace'),
(217, 18, 62, 'Air Slash'),
(218, 18, 68, 'Hurricane'),
(219, 19, 1, 'Tackle'),
(220, 19, 1, 'Tail Whip'),
(221, 19, 4, 'Quick Attack'),
(222, 19, 7, 'Focus Energy'),
(223, 19, 10, 'Bite'),
(224, 19, 13, 'Laser Focus'),
(225, 19, 16, 'Take Down'),
(226, 19, 19, 'Assurance'),
(227, 19, 22, 'Crunch'),
(228, 19, 25, 'Sucker Punch'),
(229, 19, 28, 'Super Fang'),
(230, 19, 31, 'Double-Edge'),
(231, 19, 34, 'Endeavor'),
(232, 20, 1, 'Focus Energy'),
(233, 20, 1, 'Quick Attack'),
(234, 20, 1, 'Scary Face'),
(235, 20, 1, 'Swords Dance'),
(236, 20, 1, 'Tackle'),
(237, 20, 1, 'Tail Whip'),
(238, 20, 4, 'Quick Attack'),
(239, 20, 7, 'Focus Energy'),
(240, 20, 10, 'Bite'),
(241, 20, 13, 'Laser Focus'),
(242, 20, 16, 'Take Down'),
(243, 20, 19, 'Assurance'),
(244, 20, 24, 'Crunch'),
(245, 20, 29, 'Sucker Punch'),
(246, 20, 34, 'Super Fang'),
(247, 20, 39, 'Double-Edge'),
(248, 20, 44, 'Endeavor'),
(249, 21, 1, 'Growl'),
(250, 21, 1, 'Peck'),
(251, 21, 4, 'Leer'),
(252, 21, 8, 'Assurance'),
(253, 21, 11, 'Fury Attack'),
(254, 21, 15, 'Aerial Ace'),
(255, 21, 18, 'Wing Attack'),
(256, 21, 22, 'Take Down'),
(257, 21, 25, 'Agility'),
(258, 21, 29, 'Focus Energy'),
(259, 21, 32, 'Roost'),
(260, 21, 36, 'Drill Peck'),
(261, 22, 1, 'Drill Run'),
(262, 22, 1, 'Growl'),
(263, 22, 1, 'Leer'),
(264, 22, 1, 'Peck'),
(265, 22, 1, 'Pluck'),
(266, 22, 4, 'Leer'),
(267, 22, 8, 'Assurance'),
(268, 22, 11, 'Fury Attack'),
(269, 22, 15, 'Aerial Ace'),
(270, 22, 18, 'Wing Attack'),
(271, 22, 23, 'Take Down'),
(272, 22, 27, 'Agility'),
(273, 22, 32, 'Focus Energy'),
(274, 22, 36, 'Roost'),
(275, 22, 41, 'Drill Peck'),
(276, 22, 45, 'Drill Run'),
(277, 23, 1, 'Leer'),
(278, 23, 1, 'Wrap'),
(279, 23, 4, 'Poison Sting'),
(280, 23, 9, 'Bite'),
(281, 23, 12, 'Glare'),
(282, 23, 17, 'Screech'),
(283, 23, 20, 'Acid'),
(284, 23, 25, 'Spit Up'),
(285, 23, 25, 'Stockpile'),
(286, 23, 25, 'Swallow'),
(287, 23, 28, 'Acid Spray'),
(288, 23, 33, 'Sludge Bomb'),
(289, 23, 36, 'Gastro Acid'),
(290, 23, 38, 'Belch'),
(291, 23, 41, 'Haze'),
(292, 23, 44, 'Coil'),
(293, 23, 49, 'Gunk Shot'),
(294, 24, 1, 'Bite'),
(295, 24, 1, 'Crunch'),
(296, 24, 1, 'Fire Fang'),
(297, 24, 1, 'Ice Fang'),
(298, 24, 1, 'Leer'),
(299, 24, 1, 'Poison Sting'),
(300, 24, 1, 'Thunder Fang'),
(301, 24, 1, 'Wrap'),
(302, 24, 4, 'Poison Sting'),
(303, 24, 9, 'Bite'),
(304, 24, 12, 'Glare'),
(305, 24, 17, 'Screech'),
(306, 24, 20, 'Acid'),
(307, 24, 27, 'Spit Up'),
(308, 24, 27, 'Stockpile'),
(309, 24, 27, 'Swallow'),
(310, 24, 32, 'Acid Spray'),
(311, 24, 39, 'Sludge Bomb'),
(312, 24, 44, 'Gastro Acid'),
(313, 24, 48, 'Belch'),
(314, 24, 51, 'Haze'),
(315, 24, 56, 'Coil'),
(316, 24, 63, 'Gunk Shot'),
(317, 25, 1, 'Charm'),
(318, 25, 1, 'Growl'),
(319, 25, 1, 'Nasty Plot'),
(320, 25, 1, 'Nuzzle'),
(321, 25, 1, 'Play Nice'),
(322, 25, 1, 'Quick Attack'),
(323, 25, 1, 'Sweet Kiss'),
(324, 25, 1, 'Tail Whip'),
(325, 25, 1, 'Thunder Shock'),
(326, 25, 4, 'Thunder Wave'),
(327, 25, 8, 'Double Team'),
(328, 25, 12, 'Electro Ball'),
(329, 25, 16, 'Feint'),
(330, 25, 20, 'Spark'),
(331, 25, 24, 'Agility'),
(332, 25, 28, 'Iron Tail'),
(333, 25, 32, 'Discharge'),
(334, 25, 36, 'Thunderbolt'),
(335, 25, 40, 'Light Screen'),
(336, 25, 44, 'Thunder'),
(337, 26, 1, 'Agility'),
(338, 26, 1, 'Charm'),
(339, 26, 1, 'Discharge'),
(340, 26, 1, 'Double Team'),
(341, 26, 1, 'Electro Ball'),
(342, 26, 1, 'Feint'),
(343, 26, 1, 'Growl'),
(344, 26, 1, 'Iron Tail'),
(345, 26, 1, 'Light Screen'),
(346, 26, 1, 'Nasty Plot'),
(347, 26, 1, 'Nuzzle'),
(348, 26, 1, 'Play Nice'),
(349, 26, 1, 'Quick Attack'),
(350, 26, 1, 'Spark'),
(351, 26, 1, 'Sweet Kiss'),
(352, 26, 1, 'Tail Whip'),
(353, 26, 1, 'Thunder'),
(354, 26, 1, 'Thunder Shock'),
(355, 26, 1, 'Thunder Wave'),
(356, 26, 5, 'Thunderbolt'),
(357, 27, 1, 'Defense Curl'),
(358, 27, 1, 'Scratch'),
(359, 27, 3, 'Poison Sting'),
(360, 27, 6, 'Sand Attack'),
(361, 27, 9, 'Rollout'),
(362, 27, 12, 'Fury Cutter'),
(363, 27, 15, 'Rapid Spin'),
(364, 27, 18, 'Bulldoze'),
(365, 27, 21, 'Swift'),
(366, 27, 24, 'Fury Swipes'),
(367, 27, 27, 'Agility'),
(368, 27, 30, 'Slash'),
(369, 27, 33, 'Dig'),
(370, 27, 36, 'Gyro Ball'),
(371, 27, 39, 'Swords Dance'),
(372, 27, 42, 'Sandstorm'),
(373, 27, 45, 'Earthquake'),
(374, 28, 1, 'Agility'),
(375, 28, 1, 'Crush Claw'),
(376, 28, 1, 'Defense Curl'),
(377, 28, 1, 'Poison Sting'),
(378, 28, 1, 'Sand Attack'),
(379, 28, 1, 'Scratch'),
(380, 28, 9, 'Rollout'),
(381, 28, 12, 'Fury Cutter'),
(382, 28, 15, 'Rapid Spin'),
(383, 28, 18, 'Bulldoze'),
(384, 28, 21, 'Swift'),
(385, 28, 26, 'Fury Swipes'),
(386, 28, 31, 'Sand Tomb'),
(387, 28, 36, 'Slash'),
(388, 28, 41, 'Dig'),
(389, 28, 46, 'Gyro Ball'),
(390, 28, 51, 'Swords Dance'),
(391, 28, 56, 'Sandstorm'),
(392, 28, 61, 'Earthquake'),
(393, 29, 1, 'Growl'),
(394, 29, 1, 'Poison Sting'),
(395, 29, 5, 'Scratch'),
(396, 29, 10, 'Tail Whip'),
(397, 29, 15, 'Fury Swipes'),
(398, 29, 20, 'Toxic Spikes'),
(399, 29, 25, 'Double Kick'),
(400, 29, 30, 'Bite'),
(401, 29, 35, 'Helping Hand'),
(402, 29, 40, 'Toxic'),
(403, 29, 45, 'Flatter'),
(404, 29, 50, 'Crunch'),
(405, 29, 55, 'Earth Power'),
(406, 30, 1, 'Growl'),
(407, 30, 1, 'Poison Sting'),
(408, 30, 1, 'Scratch'),
(409, 30, 1, 'Tail Whip'),
(410, 30, 15, 'Fury Swipes'),
(411, 30, 22, 'Toxic Spikes'),
(412, 30, 29, 'Double Kick'),
(413, 30, 36, 'Bite'),
(414, 30, 43, 'Helping Hand'),
(415, 30, 50, 'Toxic'),
(416, 30, 57, 'Flatter'),
(417, 30, 64, 'Crunch'),
(418, 30, 71, 'Earth Power'),
(419, 31, 1, 'Bite'),
(420, 31, 1, 'Crunch'),
(421, 31, 1, 'Double Kick'),
(422, 31, 1, 'Earth Power'),
(423, 31, 1, 'Flatter'),
(424, 31, 1, 'Fury Swipes'),
(425, 31, 1, 'Growl'),
(426, 31, 1, 'Helping Hand'),
(427, 31, 1, 'Poison Sting'),
(428, 31, 1, 'Scratch'),
(429, 31, 1, 'Sludge Wave'),
(430, 31, 1, 'Superpower'),
(431, 31, 1, 'Tail Whip'),
(432, 31, 1, 'Toxic'),
(433, 31, 1, 'Toxic Spikes'),
(434, 32, 1, 'Leer'),
(435, 32, 1, 'Poison Sting'),
(436, 32, 5, 'Peck'),
(437, 32, 10, 'Focus Energy'),
(438, 32, 15, 'Fury Attack'),
(439, 32, 20, 'Toxic Spikes'),
(440, 32, 25, 'Double Kick'),
(441, 32, 30, 'Horn Attack'),
(442, 32, 35, 'Helping Hand'),
(443, 32, 40, 'Toxic'),
(444, 32, 45, 'Flatter'),
(445, 32, 50, 'Poison Jab'),
(446, 32, 55, 'Earth Power'),
(447, 33, 1, 'Focus Energy'),
(448, 33, 1, 'Leer'),
(449, 33, 1, 'Peck'),
(450, 33, 1, 'Poison Sting'),
(451, 33, 15, 'Fury Attack'),
(452, 33, 22, 'Toxic Spikes'),
(453, 33, 29, 'Double Kick'),
(454, 33, 36, 'Horn Attack'),
(455, 33, 43, 'Helping Hand'),
(456, 33, 50, 'Toxic'),
(457, 33, 57, 'Flatter'),
(458, 33, 64, 'Poison Jab'),
(459, 33, 71, 'Earth Power'),
(460, 34, 1, 'Double Kick'),
(461, 34, 1, 'Earth Power'),
(462, 34, 1, 'Flatter'),
(463, 34, 1, 'Focus Energy'),
(464, 34, 1, 'Fury Attack'),
(465, 34, 1, 'Helping Hand'),
(466, 34, 1, 'Horn Attack'),
(467, 34, 1, 'Leer'),
(468, 34, 1, 'Megahorn'),
(469, 34, 1, 'Peck'),
(470, 34, 1, 'Poison Jab'),
(471, 34, 1, 'Poison Sting'),
(472, 34, 1, 'Sludge Wave'),
(473, 34, 1, 'Toxic'),
(474, 34, 1, 'Toxic Spikes'),
(475, 35, 1, 'Charm'),
(476, 35, 1, 'Copycat'),
(477, 35, 1, 'Defense Curl'),
(478, 35, 1, 'Disarming Voice'),
(479, 35, 1, 'Encore'),
(480, 35, 1, 'Growl'),
(481, 35, 1, 'Pound'),
(482, 35, 1, 'Sing'),
(483, 35, 1, 'Splash'),
(484, 35, 1, 'Sweet Kiss'),
(485, 35, 4, 'Stored Power'),
(486, 35, 8, 'Minimize'),
(487, 35, 12, 'After You'),
(488, 35, 16, 'Life Dew'),
(489, 35, 20, 'Metronome'),
(490, 35, 24, 'Moonlight'),
(491, 35, 28, 'Gravity'),
(492, 35, 32, 'Meteor Mash'),
(493, 35, 36, 'Follow Me'),
(494, 35, 40, 'Cosmic Power'),
(495, 35, 44, 'Moonblast'),
(496, 35, 48, 'Healing Wish'),
(497, 36, 1, 'After You'),
(498, 36, 1, 'Charm'),
(499, 36, 1, 'Copycat'),
(500, 36, 1, 'Cosmic Power'),
(501, 36, 1, 'Defense Curl'),
(502, 36, 1, 'Disarming Voice'),
(503, 36, 1, 'Encore'),
(504, 36, 1, 'Follow Me'),
(505, 36, 1, 'Gravity'),
(506, 36, 1, 'Growl'),
(507, 36, 1, 'Healing Wish'),
(508, 36, 1, 'Life Dew'),
(509, 36, 1, 'Meteor Mash'),
(510, 36, 1, 'Metronome'),
(511, 36, 1, 'Minimize'),
(512, 36, 1, 'Moonblast'),
(513, 36, 1, 'Moonlight'),
(514, 36, 1, 'Pound'),
(515, 36, 1, 'Sing'),
(516, 36, 1, 'Splash'),
(517, 36, 1, 'Stored Power'),
(518, 36, 1, 'Sweet Kiss'),
(519, 37, 1, 'Ember'),
(520, 37, 1, 'Tail Whip'),
(521, 37, 4, 'Disable'),
(522, 37, 8, 'Quick Attack'),
(523, 37, 12, 'Spite'),
(524, 37, 16, 'Incinerate'),
(525, 37, 20, 'Confuse Ray'),
(526, 37, 24, 'Will-O-Wisp'),
(527, 37, 28, 'Extrasensory'),
(528, 37, 32, 'Flamethrower'),
(529, 37, 36, 'Imprison'),
(530, 37, 40, 'Fire Spin'),
(531, 37, 44, 'Safeguard'),
(532, 37, 48, 'Inferno'),
(533, 37, 52, 'Grudge'),
(534, 37, 56, 'Fire Blast'),
(535, 38, 1, 'Confuse Ray'),
(536, 38, 1, 'Disable'),
(537, 38, 1, 'Ember'),
(538, 38, 1, 'Extrasensory'),
(539, 38, 1, 'Fire Blast'),
(540, 38, 1, 'Fire Spin'),
(541, 38, 1, 'Flamethrower'),
(542, 38, 1, 'Grudge'),
(543, 38, 1, 'Imprison'),
(544, 38, 1, 'Incinerate'),
(545, 38, 1, 'Inferno'),
(546, 38, 1, 'Nasty Plot'),
(547, 38, 1, 'Quick Attack'),
(548, 38, 1, 'Safeguard'),
(549, 38, 1, 'Spite'),
(550, 38, 1, 'Tail Whip'),
(551, 38, 1, 'Will-O-Wisp'),
(552, 39, 1, 'Charm'),
(553, 39, 1, 'Copycat'),
(554, 39, 1, 'Defense Curl'),
(555, 39, 1, 'Disable'),
(556, 39, 1, 'Disarming Voice'),
(557, 39, 1, 'Pound'),
(558, 39, 1, 'Sing'),
(559, 39, 1, 'Sweet Kiss'),
(560, 39, 4, 'Echoed Voice'),
(561, 39, 8, 'Covet'),
(562, 39, 12, 'Spit Up'),
(563, 39, 12, 'Stockpile'),
(564, 39, 12, 'Swallow'),
(565, 39, 16, 'Round'),
(566, 39, 20, 'Rest'),
(567, 39, 24, 'Body Slam'),
(568, 39, 28, 'Mimic'),
(569, 39, 32, 'Gyro Ball'),
(570, 39, 36, 'Hyper Voice'),
(571, 39, 44, 'Double-Edge'),
(572, 40, 1, 'Body Slam'),
(573, 40, 1, 'Charm'),
(574, 40, 1, 'Copycat'),
(575, 40, 1, 'Covet'),
(576, 40, 1, 'Defense Curl'),
(577, 40, 1, 'Disable'),
(578, 40, 1, 'Disarming Voice'),
(579, 40, 1, 'Double-Edge'),
(580, 40, 1, 'Echoed Voice'),
(581, 40, 1, 'Gyro Ball'),
(582, 40, 1, 'Hyper Voice'),
(583, 40, 1, 'Mimic'),
(584, 40, 1, 'Pound'),
(585, 40, 1, 'Rest'),
(586, 40, 1, 'Round'),
(587, 40, 1, 'Sing'),
(588, 40, 1, 'Spit Up'),
(589, 40, 1, 'Stockpile'),
(590, 40, 1, 'Swallow'),
(591, 40, 1, 'Sweet Kiss'),
(592, 40, 5, 'Play Rough'),
(593, 41, 1, 'Absorb'),
(594, 41, 1, 'Supersonic'),
(595, 41, 5, 'Astonish'),
(596, 41, 10, 'Mean Look'),
(597, 41, 15, 'Poison Fang'),
(598, 41, 20, 'Quick Guard'),
(599, 41, 25, 'Air Cutter'),
(600, 41, 30, 'Bite'),
(601, 41, 35, 'Haze'),
(602, 41, 40, 'Venoshock'),
(603, 41, 45, 'Confuse Ray'),
(604, 41, 50, 'Air Slash'),
(605, 41, 55, 'Leech Life'),
(606, 42, 1, 'Absorb'),
(607, 42, 1, 'Astonish'),
(608, 42, 1, 'Mean Look'),
(609, 42, 1, 'Screech'),
(610, 42, 1, 'Supersonic'),
(611, 42, 15, 'Poison Fang'),
(612, 42, 20, 'Quick Guard'),
(613, 42, 27, 'Air Cutter'),
(614, 42, 34, 'Bite'),
(615, 42, 41, 'Haze'),
(616, 42, 48, 'Venoshock'),
(617, 42, 55, 'Confuse Ray'),
(618, 42, 62, 'Air Slash'),
(619, 42, 69, 'Leech Life'),
(620, 43, 1, 'Absorb'),
(621, 43, 1, 'Growth'),
(622, 43, 4, 'Acid'),
(623, 43, 8, 'Sweet Scent'),
(624, 43, 12, 'Mega Drain'),
(625, 43, 14, 'Poison Powder'),
(626, 43, 16, 'Stun Spore'),
(627, 43, 18, 'Sleep Powder'),
(628, 43, 20, 'Giga Drain'),
(629, 43, 24, 'Toxic'),
(630, 43, 28, 'Moonblast'),
(631, 43, 32, 'Grassy Terrain'),
(632, 43, 36, 'Moonlight'),
(633, 43, 40, 'Petal Dance'),
(634, 44, 1, 'Absorb'),
(635, 44, 1, 'Acid'),
(636, 44, 1, 'Growth'),
(637, 44, 1, 'Sweet Scent'),
(638, 44, 12, 'Mega Drain'),
(639, 44, 14, 'Poison Powder'),
(640, 44, 16, 'Stun Spore'),
(641, 44, 18, 'Sleep Powder'),
(642, 44, 20, 'Giga Drain'),
(643, 44, 26, 'Toxic'),
(644, 44, 32, 'Moonblast'),
(645, 44, 38, 'Grassy Terrain'),
(646, 44, 44, 'Moonlight'),
(647, 44, 50, 'Petal Dance'),
(648, 45, 1, 'Absorb'),
(649, 45, 1, 'Acid'),
(650, 45, 1, 'Aromatherapy'),
(651, 45, 1, 'Giga Drain'),
(652, 45, 1, 'Grassy Terrain'),
(653, 45, 1, 'Growth'),
(654, 45, 1, 'Mega Drain'),
(655, 45, 1, 'Moonblast'),
(656, 45, 1, 'Moonlight'),
(657, 45, 1, 'Petal Blizzard'),
(658, 45, 1, 'Petal Dance'),
(659, 45, 1, 'Poison Powder'),
(660, 45, 1, 'Sleep Powder'),
(661, 45, 1, 'Stun Spore'),
(662, 45, 1, 'Sweet Scent'),
(663, 45, 1, 'Toxic'),
(664, 46, 1, 'Scratch'),
(665, 46, 6, 'Poison Powder'),
(666, 46, 6, 'Stun Spore'),
(667, 46, 11, 'Absorb'),
(668, 46, 17, 'Fury Cutter'),
(669, 46, 22, 'Spore'),
(670, 46, 27, 'Slash'),
(671, 46, 33, 'Growth'),
(672, 46, 38, 'Giga Drain'),
(673, 46, 43, 'Aromatherapy'),
(674, 46, 49, 'Rage Powder'),
(675, 46, 54, 'X-Scissor'),
(676, 47, 1, 'Absorb'),
(677, 47, 1, 'Cross Poison'),
(678, 47, 1, 'Poison Powder'),
(679, 47, 1, 'Scratch'),
(680, 47, 1, 'Stun Spore'),
(681, 47, 6, 'Poison Powder'),
(682, 47, 6, 'Stun Spore'),
(683, 47, 11, 'Absorb'),
(684, 47, 17, 'Fury Cutter'),
(685, 47, 22, 'Spore'),
(686, 47, 29, 'Slash'),
(687, 47, 37, 'Growth'),
(688, 47, 44, 'Giga Drain'),
(689, 47, 51, 'Aromatherapy'),
(690, 47, 59, 'Rage Powder'),
(691, 47, 66, 'X-Scissor'),
(692, 48, 1, 'Disable'),
(693, 48, 1, 'Tackle'),
(694, 48, 5, 'Supersonic'),
(695, 48, 11, 'Confusion'),
(696, 48, 13, 'Poison Powder'),
(697, 48, 17, 'Psybeam'),
(698, 48, 23, 'Stun Spore'),
(699, 48, 25, 'Bug Buzz'),
(700, 48, 29, 'Sleep Powder'),
(701, 48, 35, 'Leech Life'),
(702, 48, 37, 'Zen Headbutt'),
(703, 48, 41, 'Poison Fang'),
(704, 48, 47, 'Psychic'),
(705, 49, 1, 'Disable'),
(706, 49, 1, 'Quiver Dance'),
(707, 49, 1, 'Supersonic'),
(708, 49, 1, 'Tackle'),
(709, 49, 11, 'Confusion'),
(710, 49, 13, 'Poison Powder'),
(711, 49, 17, 'Psybeam'),
(712, 49, 23, 'Stun Spore'),
(713, 49, 25, 'Bug Buzz'),
(714, 49, 29, 'Sleep Powder'),
(715, 49, 37, 'Leech Life'),
(716, 49, 41, 'Zen Headbutt'),
(717, 49, 47, 'Poison Fang'),
(718, 49, 55, 'Psychic'),
(719, 50, 1, 'Sand Attack'),
(720, 50, 1, 'Scratch'),
(721, 50, 4, 'Growl'),
(722, 50, 8, 'Astonish'),
(723, 50, 12, 'Mud-Slap'),
(724, 50, 16, 'Bulldoze'),
(725, 50, 20, 'Sucker Punch'),
(726, 50, 24, 'Slash'),
(727, 50, 28, 'Sandstorm'),
(728, 50, 32, 'Dig'),
(729, 50, 36, 'Earth Power'),
(730, 50, 40, 'Earthquake'),
(731, 50, 44, 'Fissure'),
(732, 51, 1, 'Astonish'),
(733, 51, 1, 'Growl'),
(734, 51, 1, 'Night Slash'),
(735, 51, 1, 'Sand Attack'),
(736, 51, 1, 'Scratch'),
(737, 51, 1, 'Tri Attack'),
(738, 51, 12, 'Mud-Slap'),
(739, 51, 16, 'Bulldoze'),
(740, 51, 20, 'Sucker Punch'),
(741, 51, 24, 'Slash'),
(742, 51, 30, 'Sandstorm'),
(743, 51, 36, 'Dig'),
(744, 51, 42, 'Earth Power'),
(745, 51, 48, 'Earthquake'),
(746, 51, 54, 'Fissure'),
(747, 52, 1, 'Fake Out'),
(748, 52, 1, 'Growl'),
(749, 52, 4, 'Feint'),
(750, 52, 8, 'Scratch'),
(751, 52, 12, 'Pay Day'),
(752, 52, 16, 'Bite'),
(753, 52, 20, 'Taunt'),
(754, 52, 24, 'Assurance'),
(755, 52, 29, 'Fury Swipes'),
(756, 52, 32, 'Screech'),
(757, 52, 36, 'Slash'),
(758, 52, 40, 'Nasty Plot'),
(759, 52, 44, 'Play Rough'),
(760, 53, 1, 'Fake Out'),
(761, 53, 1, 'Feint'),
(762, 53, 1, 'Growl'),
(763, 53, 1, 'Scratch'),
(764, 53, 1, 'Switcheroo'),
(765, 53, 12, 'Pay Day'),
(766, 53, 16, 'Bite'),
(767, 53, 20, 'Taunt'),
(768, 53, 24, 'Assurance'),
(769, 53, 31, 'Fury Swipes'),
(770, 53, 36, 'Screech'),
(771, 53, 42, 'Slash'),
(772, 53, 48, 'Nasty Plot'),
(773, 53, 54, 'Play Rough'),
(774, 54, 1, 'Scratch'),
(775, 54, 1, 'Tail Whip'),
(776, 54, 3, 'Water Gun'),
(777, 54, 6, 'Confusion'),
(778, 54, 9, 'Fury Swipes'),
(779, 54, 12, 'Water Pulse'),
(780, 54, 15, 'Disable'),
(781, 54, 18, 'Zen Headbutt'),
(782, 54, 21, 'Screech'),
(783, 54, 24, 'Aqua Tail'),
(784, 54, 27, 'Soak'),
(785, 54, 30, 'Psych Up'),
(786, 54, 34, 'Amnesia'),
(787, 54, 39, 'Wonder Room'),
(788, 55, 1, 'Aqua Jet'),
(789, 55, 1, 'Confusion'),
(790, 55, 1, 'Scratch'),
(791, 55, 1, 'Tail Whip'),
(792, 55, 1, 'Water Gun'),
(793, 55, 9, 'Fury Swipes'),
(794, 55, 12, 'Water Pulse'),
(795, 55, 15, 'Disable'),
(796, 55, 18, 'Zen Headbutt'),
(797, 55, 21, 'Screech'),
(798, 55, 24, 'Aqua Tail'),
(799, 55, 27, 'Soak'),
(800, 55, 30, 'Psych Up'),
(801, 55, 36, 'Amnesia'),
(802, 55, 40, 'Hydro Pump'),
(803, 55, 45, 'Wonder Room'),
(804, 56, 1, 'Covet'),
(805, 56, 1, 'Focus Energy'),
(806, 56, 1, 'Leer'),
(807, 56, 1, 'Scratch'),
(808, 56, 5, 'Fury Swipes'),
(809, 56, 8, 'Low Kick'),
(810, 56, 12, 'Seismic Toss'),
(811, 56, 17, 'Swagger'),
(812, 56, 22, 'Cross Chop'),
(813, 56, 26, 'Assurance'),
(814, 56, 29, 'Thrash'),
(815, 56, 33, 'Close Combat'),
(816, 56, 36, 'Screech'),
(817, 56, 40, 'Stomping Tantrum'),
(818, 56, 44, 'Outrage'),
(819, 56, 48, 'Final Gambit'),
(820, 57, 1, 'Fling'),
(821, 57, 1, 'Focus Energy'),
(822, 57, 1, 'Leer'),
(823, 57, 1, 'Scratch'),
(824, 57, 5, 'Fury Swipes'),
(825, 57, 8, 'Low Kick'),
(826, 57, 15, 'Seismic Toss'),
(827, 57, 17, 'Swagger'),
(828, 57, 22, 'Cross Chop'),
(829, 57, 26, 'Assurance'),
(830, 57, 30, 'Thrash'),
(831, 57, 35, 'Rage Fist'),
(832, 57, 39, 'Close Combat'),
(833, 57, 44, 'Screech'),
(834, 57, 48, 'Stomping Tantrum'),
(835, 57, 53, 'Outrage'),
(836, 57, 57, 'Final Gambit'),
(837, 58, 1, 'Ember'),
(838, 58, 1, 'Leer'),
(839, 58, 4, 'Howl'),
(840, 58, 8, 'Bite'),
(841, 58, 12, 'Flame Wheel'),
(842, 58, 16, 'Helping Hand'),
(843, 58, 20, 'Agility'),
(844, 58, 24, 'Fire Fang'),
(845, 58, 28, 'Retaliate'),
(846, 58, 32, 'Crunch'),
(847, 58, 36, 'Take Down'),
(848, 58, 40, 'Flamethrower'),
(849, 58, 44, 'Roar'),
(850, 58, 48, 'Play Rough'),
(851, 58, 52, 'Reversal'),
(852, 58, 56, 'Flare Blitz'),
(853, 59, 1, 'Agility'),
(854, 59, 1, 'Bite'),
(855, 59, 1, 'Crunch'),
(856, 59, 1, 'Ember'),
(857, 59, 1, 'Fire Fang'),
(858, 59, 1, 'Flame Wheel'),
(859, 59, 1, 'Flare Blitz'),
(860, 59, 1, 'Helping Hand'),
(861, 59, 1, 'Howl'),
(862, 59, 1, 'Leer'),
(863, 59, 1, 'Play Rough'),
(864, 59, 1, 'Retaliate'),
(865, 59, 1, 'Reversal'),
(866, 59, 1, 'Roar'),
(867, 59, 1, 'Take Down'),
(868, 59, 5, 'Flamethrower'),
(869, 60, 1, 'Hypnosis'),
(870, 60, 1, 'Water Gun'),
(871, 60, 6, 'Pound'),
(872, 60, 12, 'Mud Shot'),
(873, 60, 18, 'Bubble Beam'),
(874, 60, 24, 'Rain Dance'),
(875, 60, 30, 'Body Slam'),
(876, 60, 36, 'Earth Power'),
(877, 60, 42, 'Hydro Pump'),
(878, 60, 48, 'Belly Drum'),
(879, 60, 54, 'Double-Edge'),
(880, 61, 1, 'Hypnosis'),
(881, 61, 1, 'Mud Shot'),
(882, 61, 1, 'Pound'),
(883, 61, 1, 'Water Gun'),
(884, 61, 18, 'Bubble Beam'),
(885, 61, 24, 'Rain Dance'),
(886, 61, 32, 'Body Slam'),
(887, 61, 40, 'Earth Power'),
(888, 61, 48, 'Hydro Pump'),
(889, 61, 56, 'Belly Drum'),
(890, 61, 66, 'Double-Edge'),
(891, 62, 1, 'Belly Drum'),
(892, 62, 1, 'Body Slam'),
(893, 62, 1, 'Bubble Beam'),
(894, 62, 1, 'Circle Throw'),
(895, 62, 1, 'Double-Edge'),
(896, 62, 1, 'Dynamic Punch'),
(897, 62, 1, 'Earth Power'),
(898, 62, 1, 'Hydro Pump'),
(899, 62, 1, 'Hypnosis'),
(900, 62, 1, 'Mind Reader'),
(901, 62, 1, 'Mud Shot'),
(902, 62, 1, 'Pound'),
(903, 62, 1, 'Rain Dance'),
(904, 62, 1, 'Submission'),
(905, 62, 1, 'Water Gun'),
(906, 63, 1, 'Teleport'),
(907, 64, 1, 'Confusion'),
(908, 64, 1, 'Disable'),
(909, 64, 1, 'Kinesis'),
(910, 64, 1, 'Teleport'),
(911, 64, 5, 'Psybeam'),
(912, 64, 10, 'Reflect'),
(913, 64, 15, 'Ally Switch'),
(914, 64, 20, 'Psycho Cut'),
(915, 64, 25, 'Recover'),
(916, 64, 30, 'Psyshock'),
(917, 64, 35, 'Psychic'),
(918, 64, 40, 'Role Play'),
(919, 64, 45, 'Future Sight'),
(920, 64, 50, 'Calm Mind'),
(921, 65, 1, 'Confusion'),
(922, 65, 1, 'Disable'),
(923, 65, 1, 'Kinesis'),
(924, 65, 1, 'Teleport'),
(925, 65, 5, 'Psybeam'),
(926, 65, 10, 'Reflect'),
(927, 65, 15, 'Ally Switch'),
(928, 65, 20, 'Psycho Cut'),
(929, 65, 25, 'Recover'),
(930, 65, 30, 'Psyshock'),
(931, 65, 35, 'Psychic'),
(932, 65, 40, 'Role Play'),
(933, 65, 45, 'Future Sight'),
(934, 65, 50, 'Calm Mind'),
(935, 66, 1, 'Leer'),
(936, 66, 1, 'Low Kick'),
(937, 66, 4, 'Focus Energy'),
(938, 66, 8, 'Revenge'),
(939, 66, 12, 'Low Sweep'),
(940, 66, 16, 'Knock Off'),
(941, 66, 20, 'Scary Face'),
(942, 66, 24, 'Vital Throw'),
(943, 66, 29, 'Strength'),
(944, 66, 32, 'Dual Chop'),
(945, 66, 36, 'Bulk Up'),
(946, 66, 40, 'Seismic Toss'),
(947, 66, 44, 'Dynamic Punch'),
(948, 66, 48, 'Cross Chop'),
(949, 66, 52, 'Double-Edge'),
(950, 67, 1, 'Focus Energy'),
(951, 67, 1, 'Leer'),
(952, 67, 1, 'Low Kick'),
(953, 67, 1, 'Revenge'),
(954, 67, 12, 'Low Sweep'),
(955, 67, 16, 'Knock Off'),
(956, 67, 20, 'Scary Face'),
(957, 67, 24, 'Vital Throw'),
(958, 67, 31, 'Strength'),
(959, 67, 36, 'Dual Chop'),
(960, 67, 42, 'Bulk Up'),
(961, 67, 48, 'Seismic Toss'),
(962, 67, 54, 'Dynamic Punch'),
(963, 67, 60, 'Cross Chop'),
(964, 67, 66, 'Double-Edge'),
(965, 68, 1, 'Focus Energy'),
(966, 68, 1, 'Leer'),
(967, 68, 1, 'Low Kick'),
(968, 68, 1, 'Revenge'),
(969, 68, 1, 'Wide Guard'),
(970, 68, 12, 'Low Sweep'),
(971, 68, 16, 'Knock Off'),
(972, 68, 20, 'Scary Face'),
(973, 68, 24, 'Vital Throw'),
(974, 68, 31, 'Strength'),
(975, 68, 36, 'Dual Chop'),
(976, 68, 42, 'Bulk Up'),
(977, 68, 48, 'Seismic Toss'),
(978, 68, 54, 'Dynamic Punch'),
(979, 68, 60, 'Cross Chop'),
(980, 68, 66, 'Double-Edge'),
(981, 69, 1, 'Vine Whip'),
(982, 69, 7, 'Growth'),
(983, 69, 11, 'Wrap'),
(984, 69, 13, 'Sleep Powder'),
(985, 69, 15, 'Poison Powder'),
(986, 69, 17, 'Stun Spore'),
(987, 69, 23, 'Acid'),
(988, 69, 27, 'Knock Off'),
(989, 69, 29, 'Sweet Scent'),
(990, 69, 35, 'Gastro Acid'),
(991, 69, 39, 'Razor Leaf'),
(992, 69, 41, 'Poison Jab'),
(993, 69, 47, 'Slam'),
(994, 70, 1, 'Growth'),
(995, 70, 1, 'Vine Whip'),
(996, 70, 1, 'Wrap'),
(997, 70, 7, 'Growth'),
(998, 70, 11, 'Wrap'),
(999, 70, 13, 'Sleep Powder'),
(1000, 70, 15, 'Poison Powder'),
(1001, 70, 17, 'Stun Spore'),
(1002, 70, 24, 'Acid'),
(1003, 70, 29, 'Knock Off'),
(1004, 70, 32, 'Sweet Scent'),
(1005, 70, 39, 'Gastro Acid'),
(1006, 70, 44, 'Razor Leaf'),
(1007, 70, 47, 'Poison Jab'),
(1008, 70, 54, 'Slam'),
(1009, 71, 1, 'Acid'),
(1010, 71, 1, 'Gastro Acid'),
(1011, 71, 1, 'Growth'),
(1012, 71, 1, 'Knock Off'),
(1013, 71, 1, 'Leaf Tornado'),
(1014, 71, 1, 'Poison Jab'),
(1015, 71, 1, 'Poison Powder'),
(1016, 71, 1, 'Razor Leaf'),
(1017, 71, 1, 'Slam'),
(1018, 71, 1, 'Sleep Powder'),
(1019, 71, 1, 'Spit Up'),
(1020, 71, 1, 'Stockpile'),
(1021, 71, 1, 'Stun Spore'),
(1022, 71, 1, 'Swallow'),
(1023, 71, 1, 'Sweet Scent'),
(1024, 71, 1, 'Vine Whip'),
(1025, 71, 1, 'Wrap'),
(1026, 71, 32, 'Leaf Storm'),
(1027, 71, 44, 'Leaf Blade'),
(1028, 72, 1, 'Poison Sting'),
(1029, 72, 1, 'Water Gun'),
(1030, 72, 4, 'Acid'),
(1031, 72, 8, 'Wrap'),
(1032, 72, 12, 'Supersonic'),
(1033, 72, 16, 'Water Pulse'),
(1034, 72, 20, 'Screech'),
(1035, 72, 24, 'Bubble Beam'),
(1036, 72, 28, 'Hex'),
(1037, 72, 32, 'Acid Armor'),
(1038, 72, 36, 'Poison Jab'),
(1039, 72, 40, 'Surf'),
(1040, 72, 44, 'Sludge Wave'),
(1041, 72, 48, 'Hydro Pump'),
(1042, 73, 1, 'Acid'),
(1043, 73, 1, 'Poison Sting'),
(1044, 73, 1, 'Reflect Type'),
(1045, 73, 1, 'Water Gun'),
(1046, 73, 1, 'Wrap'),
(1047, 73, 12, 'Supersonic'),
(1048, 73, 16, 'Water Pulse'),
(1049, 73, 20, 'Screech'),
(1050, 73, 24, 'Bubble Beam'),
(1051, 73, 28, 'Hex'),
(1052, 73, 34, 'Acid Armor'),
(1053, 73, 40, 'Poison Jab'),
(1054, 73, 46, 'Surf'),
(1055, 73, 52, 'Sludge Wave'),
(1056, 73, 58, 'Hydro Pump'),
(1057, 74, 1, 'Defense Curl'),
(1058, 74, 1, 'Tackle'),
(1059, 74, 4, 'Sandstorm'),
(1060, 74, 6, 'Rock Polish'),
(1061, 74, 10, 'Rollout'),
(1062, 74, 12, 'Harden'),
(1063, 74, 16, 'Rock Throw'),
(1064, 74, 18, 'Smack Down'),
(1065, 74, 22, 'Bulldoze'),
(1066, 74, 24, 'Self-Destruct'),
(1067, 74, 28, 'Stealth Rock'),
(1068, 74, 30, 'Rock Blast'),
(1069, 74, 34, 'Earthquake'),
(1070, 74, 36, 'Explosion'),
(1071, 74, 40, 'Double-Edge'),
(1072, 74, 42, 'Stone Edge'),
(1073, 75, 1, 'Defense Curl'),
(1074, 75, 1, 'Rock Polish'),
(1075, 75, 1, 'Tackle'),
(1076, 75, 4, 'Sandstorm'),
(1077, 75, 6, 'Rock Polish'),
(1078, 75, 10, 'Rollout'),
(1079, 75, 12, 'Harden'),
(1080, 75, 16, 'Rock Throw'),
(1081, 75, 18, 'Smack Down'),
(1082, 75, 22, 'Bulldoze'),
(1083, 75, 24, 'Self-Destruct'),
(1084, 75, 30, 'Stealth Rock'),
(1085, 75, 34, 'Rock Blast'),
(1086, 75, 40, 'Earthquake'),
(1087, 75, 44, 'Explosion'),
(1088, 75, 50, 'Double-Edge'),
(1089, 75, 54, 'Stone Edge'),
(1090, 76, 1, 'Defense Curl'),
(1091, 76, 1, 'Heavy Slam'),
(1092, 76, 1, 'Rock Polish'),
(1093, 76, 1, 'Tackle'),
(1094, 76, 4, 'Sandstorm'),
(1095, 76, 6, 'Rock Polish'),
(1096, 76, 10, 'Rollout'),
(1097, 76, 12, 'Harden'),
(1098, 76, 16, 'Rock Throw'),
(1099, 76, 18, 'Smack Down'),
(1100, 76, 22, 'Bulldoze'),
(1101, 76, 24, 'Self-Destruct'),
(1102, 76, 30, 'Stealth Rock'),
(1103, 76, 34, 'Rock Blast'),
(1104, 76, 40, 'Earthquake'),
(1105, 76, 44, 'Explosion'),
(1106, 76, 50, 'Double-Edge'),
(1107, 76, 54, 'Stone Edge'),
(1108, 76, 60, 'Heavy Slam'),
(1109, 77, 1, 'Growl'),
(1110, 77, 1, 'Tackle'),
(1111, 77, 5, 'Tail Whip'),
(1112, 77, 10, 'Ember'),
(1113, 77, 15, 'Flame Charge'),
(1114, 77, 20, 'Agility'),
(1115, 77, 25, 'Flame Wheel'),
(1116, 77, 30, 'Stomp'),
(1117, 77, 35, 'Fire Spin'),
(1118, 77, 41, 'Take Down'),
(1119, 77, 45, 'Inferno'),
(1120, 77, 50, 'Fire Blast'),
(1121, 77, 55, 'Flare Blitz'),
(1122, 78, 1, 'Ember'),
(1123, 78, 1, 'Growl'),
(1124, 78, 1, 'Megahorn'),
(1125, 78, 1, 'Poison Jab'),
(1126, 78, 1, 'Quick Attack'),
(1127, 78, 1, 'Smart Strike'),
(1128, 78, 1, 'Tackle'),
(1129, 78, 1, 'Tail Whip'),
(1130, 78, 15, 'Flame Charge'),
(1131, 78, 20, 'Agility'),
(1132, 78, 25, 'Flame Wheel'),
(1133, 78, 30, 'Stomp'),
(1134, 78, 35, 'Fire Spin'),
(1135, 78, 43, 'Take Down'),
(1136, 78, 49, 'Inferno'),
(1137, 78, 56, 'Fire Blast'),
(1138, 78, 63, 'Flare Blitz'),
(1139, 79, 1, 'Curse'),
(1140, 79, 1, 'Tackle'),
(1141, 79, 3, 'Growl'),
(1142, 79, 6, 'Water Gun'),
(1143, 79, 9, 'Yawn'),
(1144, 79, 12, 'Confusion'),
(1145, 79, 15, 'Disable'),
(1146, 79, 18, 'Water Pulse'),
(1147, 79, 21, 'Headbutt'),
(1148, 79, 24, 'Zen Headbutt'),
(1149, 79, 27, 'Amnesia'),
(1150, 79, 30, 'Surf'),
(1151, 79, 33, 'Slack Off'),
(1152, 79, 36, 'Psychic'),
(1153, 79, 39, 'Psych Up'),
(1154, 79, 42, 'Rain Dance'),
(1155, 79, 45, 'Heal Pulse'),
(1156, 80, 1, 'Curse'),
(1157, 80, 1, 'Growl'),
(1158, 80, 1, 'Tackle'),
(1159, 80, 1, 'Water Gun'),
(1160, 80, 1, 'Withdraw'),
(1161, 80, 9, 'Yawn'),
(1162, 80, 12, 'Confusion'),
(1163, 80, 15, 'Disable'),
(1164, 80, 18, 'Water Pulse'),
(1165, 80, 21, 'Headbutt'),
(1166, 80, 24, 'Zen Headbutt'),
(1167, 80, 27, 'Amnesia'),
(1168, 80, 30, 'Surf'),
(1169, 80, 33, 'Slack Off'),
(1170, 80, 36, 'Psychic'),
(1171, 80, 41, 'Psych Up'),
(1172, 80, 46, 'Rain Dance'),
(1173, 80, 51, 'Heal Pulse'),
(1174, 81, 1, 'Tackle'),
(1175, 81, 1, 'Thunder Shock'),
(1176, 81, 4, 'Supersonic'),
(1177, 81, 8, 'Thunder Wave'),
(1178, 81, 12, 'Electro Ball'),
(1179, 81, 16, 'Gyro Ball'),
(1180, 81, 20, 'Spark'),
(1181, 81, 24, 'Screech'),
(1182, 81, 28, 'Magnet Rise'),
(1183, 81, 32, 'Flash Cannon'),
(1184, 81, 36, 'Discharge'),
(1185, 81, 40, 'Metal Sound'),
(1186, 81, 44, 'Light Screen'),
(1187, 81, 48, 'Lock-On'),
(1188, 81, 52, 'Zap Cannon'),
(1189, 82, 1, 'Electric Terrain'),
(1190, 82, 1, 'Supersonic'),
(1191, 82, 1, 'Tackle'),
(1192, 82, 1, 'Thunder Shock'),
(1193, 82, 1, 'Thunder Wave'),
(1194, 82, 12, 'Electro Ball'),
(1195, 82, 16, 'Gyro Ball'),
(1196, 82, 20, 'Spark'),
(1197, 82, 24, 'Screech'),
(1198, 82, 28, 'Magnet Rise'),
(1199, 82, 34, 'Flash Cannon'),
(1200, 82, 40, 'Discharge'),
(1201, 82, 46, 'Metal Sound'),
(1202, 82, 52, 'Light Screen'),
(1203, 82, 58, 'Lock-On'),
(1204, 82, 64, 'Zap Cannon'),
(1205, 83, 1, 'Peck'),
(1206, 83, 1, 'Sand Attack'),
(1207, 83, 5, 'Leer'),
(1208, 83, 10, 'Fury Cutter'),
(1209, 83, 15, 'Cut'),
(1210, 83, 20, 'Aerial Ace'),
(1211, 83, 25, 'Air Cutter'),
(1212, 83, 30, 'Knock Off'),
(1213, 83, 35, 'False Swipe'),
(1214, 83, 40, 'Slash'),
(1215, 83, 45, 'Swords Dance'),
(1216, 83, 50, 'Air Slash'),
(1217, 83, 55, 'Leaf Blade'),
(1218, 83, 60, 'Agility'),
(1219, 83, 65, 'Brave Bird'),
(1220, 84, 1, 'Growl'),
(1221, 84, 1, 'Peck'),
(1222, 84, 5, 'Quick Attack'),
(1223, 84, 8, 'Leer'),
(1224, 84, 12, 'Fury Attack'),
(1225, 84, 15, 'Wing Attack'),
(1226, 84, 19, 'Pluck'),
(1227, 84, 22, 'Double Hit'),
(1228, 84, 26, 'Agility'),
(1229, 84, 29, 'Uproar'),
(1230, 84, 33, 'Acupressure'),
(1231, 84, 36, 'Swords Dance'),
(1232, 84, 40, 'Lunge'),
(1233, 84, 43, 'Drill Peck'),
(1234, 84, 47, 'Endeavor'),
(1235, 84, 50, 'Thrash'),
(1236, 85, 1, 'Growl'),
(1237, 85, 1, 'Peck'),
(1238, 85, 1, 'Quick Attack'),
(1239, 85, 1, 'Tri Attack'),
(1240, 85, 5, 'Quick Attack'),
(1241, 85, 8, 'Leer'),
(1242, 85, 12, 'Fury Attack'),
(1243, 85, 15, 'Wing Attack'),
(1244, 85, 19, 'Pluck'),
(1245, 85, 22, 'Double Hit'),
(1246, 85, 26, 'Agility'),
(1247, 85, 29, 'Uproar'),
(1248, 85, 34, 'Acupressure'),
(1249, 85, 38, 'Swords Dance'),
(1250, 85, 43, 'Lunge'),
(1251, 85, 47, 'Drill Peck'),
(1252, 85, 52, 'Endeavor'),
(1253, 85, 56, 'Thrash'),
(1254, 86, 1, 'Headbutt'),
(1255, 86, 3, 'Growl'),
(1256, 86, 7, 'Water Gun'),
(1257, 86, 11, 'Icy Wind'),
(1258, 86, 13, 'Encore'),
(1259, 86, 17, 'Ice Shard'),
(1260, 86, 21, 'Rest'),
(1261, 86, 23, 'Aqua Ring'),
(1262, 86, 27, 'Aurora Beam'),
(1263, 86, 31, 'Aqua Jet'),
(1264, 86, 33, 'Brine'),
(1265, 86, 37, 'Take Down'),
(1266, 86, 41, 'Dive'),
(1267, 86, 43, 'Aqua Tail'),
(1268, 86, 47, 'Ice Beam'),
(1269, 86, 51, 'Safeguard'),
(1270, 86, 53, 'Hail'),
(1271, 87, 1, 'Bubble Beam'),
(1272, 87, 1, 'Growl'),
(1273, 87, 1, 'Headbutt'),
(1274, 87, 1, 'Icy Wind'),
(1275, 87, 1, 'Sheer Cold'),
(1276, 87, 1, 'Water Gun'),
(1277, 87, 3, 'Growl'),
(1278, 87, 7, 'Bubble Beam'),
(1279, 87, 11, 'Icy Wind'),
(1280, 87, 13, 'Encore'),
(1281, 87, 17, 'Ice Shard'),
(1282, 87, 21, 'Rest'),
(1283, 87, 23, 'Aqua Ring'),
(1284, 87, 27, 'Aurora Beam'),
(1285, 87, 31, 'Aqua Jet'),
(1286, 87, 33, 'Brine'),
(1287, 87, 39, 'Take Down'),
(1288, 87, 45, 'Dive'),
(1289, 87, 49, 'Aqua Tail'),
(1290, 87, 55, 'Ice Beam'),
(1291, 87, 61, 'Safeguard'),
(1292, 87, 65, 'Hail'),
(1293, 88, 1, 'Poison Gas'),
(1294, 88, 1, 'Pound'),
(1295, 88, 4, 'Harden'),
(1296, 88, 7, 'Mud-Slap'),
(1297, 88, 12, 'Disable'),
(1298, 88, 15, 'Sludge'),
(1299, 88, 18, 'Mud Shot'),
(1300, 88, 21, 'Minimize'),
(1301, 88, 26, 'Toxic'),
(1302, 88, 29, 'Sludge Bomb'),
(1303, 88, 32, 'Sludge Wave'),
(1304, 88, 37, 'Screech'),
(1305, 88, 40, 'Gunk Shot'),
(1306, 88, 43, 'Acid Armor'),
(1307, 88, 46, 'Belch'),
(1308, 88, 48, 'Memento'),
(1309, 89, 1, 'Harden'),
(1310, 89, 1, 'Mud-Slap'),
(1311, 89, 1, 'Poison Gas'),
(1312, 89, 1, 'Pound'),
(1313, 89, 12, 'Disable'),
(1314, 89, 15, 'Sludge'),
(1315, 89, 18, 'Mud Shot'),
(1316, 89, 21, 'Minimize'),
(1317, 89, 26, 'Toxic'),
(1318, 89, 29, 'Sludge Bomb'),
(1319, 89, 32, 'Sludge Wave'),
(1320, 89, 37, 'Screech'),
(1321, 89, 40, 'Gunk Shot'),
(1322, 89, 46, 'Acid Armor'),
(1323, 89, 52, 'Belch'),
(1324, 89, 57, 'Memento'),
(1325, 90, 1, 'Tackle'),
(1326, 90, 1, 'Water Gun'),
(1327, 90, 4, 'Withdraw'),
(1328, 90, 8, 'Ice Shard'),
(1329, 90, 12, 'Leer'),
(1330, 90, 16, 'Whirlpool'),
(1331, 90, 20, 'Supersonic'),
(1332, 90, 24, 'Aurora Beam'),
(1333, 90, 28, 'Protect'),
(1334, 90, 32, 'Razor Shell'),
(1335, 90, 36, 'Iron Defense'),
(1336, 90, 40, 'Ice Beam'),
(1337, 90, 44, 'Shell Smash'),
(1338, 90, 48, 'Hydro Pump'),
(1339, 91, 1, 'Aurora Beam'),
(1340, 91, 1, 'Hydro Pump'),
(1341, 91, 1, 'Ice Beam'),
(1342, 91, 1, 'Ice Shard'),
(1343, 91, 1, 'Icicle Crash'),
(1344, 91, 1, 'Iron Defense'),
(1345, 91, 1, 'Leer'),
(1346, 91, 1, 'Protect'),
(1347, 91, 1, 'Shell Smash'),
(1348, 91, 1, 'Spikes'),
(1349, 91, 1, 'Supersonic'),
(1350, 91, 1, 'Tackle'),
(1351, 91, 1, 'Toxic Spikes'),
(1352, 91, 1, 'Water Gun'),
(1353, 91, 1, 'Whirlpool'),
(1354, 91, 1, 'Withdraw'),
(1355, 91, 5, 'Razor Shell'),
(1356, 92, 1, 'Confuse Ray'),
(1357, 92, 1, 'Lick'),
(1358, 92, 4, 'Hypnosis'),
(1359, 92, 8, 'Mean Look'),
(1360, 92, 12, 'Payback'),
(1361, 92, 16, 'Spite'),
(1362, 92, 20, 'Curse'),
(1363, 92, 24, 'Hex'),
(1364, 92, 28, 'Night Shade'),
(1365, 92, 32, 'Sucker Punch'),
(1366, 92, 36, 'Dark Pulse'),
(1367, 92, 40, 'Shadow Ball'),
(1368, 92, 44, 'Destiny Bond'),
(1369, 92, 48, 'Dream Eater'),
(1370, 93, 1, 'Confuse Ray'),
(1371, 93, 1, 'Hypnosis'),
(1372, 93, 1, 'Lick'),
(1373, 93, 1, 'Mean Look'),
(1374, 93, 12, 'Payback'),
(1375, 93, 16, 'Spite'),
(1376, 93, 20, 'Curse'),
(1377, 93, 24, 'Hex'),
(1378, 93, 30, 'Night Shade'),
(1379, 93, 36, 'Sucker Punch'),
(1380, 93, 42, 'Dark Pulse'),
(1381, 93, 48, 'Shadow Ball'),
(1382, 93, 54, 'Destiny Bond'),
(1383, 93, 60, 'Dream Eater'),
(1384, 94, 1, 'Confuse Ray'),
(1385, 94, 1, 'Hypnosis'),
(1386, 94, 1, 'Lick'),
(1387, 94, 1, 'Mean Look'),
(1388, 94, 1, 'Perish Song'),
(1389, 94, 1, 'Reflect Type'),
(1390, 94, 1, 'Shadow Punch'),
(1391, 94, 12, 'Payback'),
(1392, 94, 16, 'Spite'),
(1393, 94, 20, 'Curse'),
(1394, 94, 24, 'Hex'),
(1395, 94, 30, 'Night Shade'),
(1396, 94, 36, 'Sucker Punch'),
(1397, 94, 42, 'Dark Pulse'),
(1398, 94, 48, 'Shadow Ball'),
(1399, 94, 54, 'Destiny Bond'),
(1400, 94, 60, 'Dream Eater'),
(1401, 95, 1, 'Bind'),
(1402, 95, 1, 'Harden'),
(1403, 95, 1, 'Rock Throw'),
(1404, 95, 1, 'Tackle'),
(1405, 95, 4, 'Smack Down'),
(1406, 95, 8, 'Rock Polish'),
(1407, 95, 12, 'Dragon Breath'),
(1408, 95, 16, 'Curse'),
(1409, 95, 20, 'Rock Slide'),
(1410, 95, 24, 'Screech'),
(1411, 95, 28, 'Sand Tomb'),
(1412, 95, 32, 'Stealth Rock'),
(1413, 95, 36, 'Slam'),
(1414, 95, 40, 'Sandstorm'),
(1415, 95, 44, 'Dig'),
(1416, 95, 48, 'Iron Tail'),
(1417, 95, 52, 'Stone Edge'),
(1418, 95, 56, 'Double-Edge'),
(1419, 96, 1, 'Hypnosis'),
(1420, 96, 1, 'Pound'),
(1421, 96, 5, 'Disable'),
(1422, 96, 9, 'Confusion'),
(1423, 96, 13, 'Headbutt'),
(1424, 96, 17, 'Poison Gas'),
(1425, 96, 21, 'Psybeam'),
(1426, 96, 25, 'Psych Up'),
(1427, 96, 29, 'Zen Headbutt'),
(1428, 96, 33, 'Swagger'),
(1429, 96, 37, 'Psychic'),
(1430, 96, 41, 'Nasty Plot'),
(1431, 96, 45, 'Psyshock'),
(1432, 96, 49, 'Future Sight'),
(1433, 97, 1, 'Confusion'),
(1434, 97, 1, 'Disable'),
(1435, 97, 1, 'Hypnosis'),
(1436, 97, 1, 'Pound'),
(1437, 97, 1, 'Switcheroo'),
(1438, 97, 13, 'Headbutt'),
(1439, 97, 17, 'Poison Gas'),
(1440, 97, 21, 'Psybeam'),
(1441, 97, 25, 'Psych Up'),
(1442, 97, 32, 'Zen Headbutt'),
(1443, 97, 37, 'Swagger'),
(1444, 97, 42, 'Psychic'),
(1445, 97, 47, 'Nasty Plot'),
(1446, 97, 51, 'Psyshock'),
(1447, 97, 56, 'Future Sight'),
(1448, 98, 1, 'Leer'),
(1449, 98, 1, 'Water Gun'),
(1450, 98, 4, 'Harden'),
(1451, 98, 8, 'Metal Claw'),
(1452, 98, 12, 'Mud Shot'),
(1453, 98, 16, 'Protect'),
(1454, 98, 20, 'Bubble Beam'),
(1455, 98, 24, 'Stomp'),
(1456, 98, 29, 'Flail'),
(1457, 98, 32, 'Razor Shell'),
(1458, 98, 36, 'Slam'),
(1459, 98, 40, 'Swords Dance'),
(1460, 98, 44, 'Crabhammer'),
(1461, 98, 48, 'Guillotine'),
(1462, 99, 1, 'Hammer Arm'),
(1463, 99, 1, 'Harden'),
(1464, 99, 1, 'Leer'),
(1465, 99, 1, 'Metal Claw'),
(1466, 99, 1, 'Water Gun'),
(1467, 99, 1, 'Wide Guard'),
(1468, 99, 12, 'Mud Shot'),
(1469, 99, 16, 'Protect'),
(1470, 99, 20, 'Bubble Beam'),
(1471, 99, 24, 'Stomp'),
(1472, 99, 31, 'Flail'),
(1473, 99, 36, 'Razor Shell'),
(1474, 99, 42, 'Slam'),
(1475, 99, 48, 'Swords Dance'),
(1476, 99, 54, 'Crabhammer'),
(1477, 99, 60, 'Guillotine'),
(1478, 100, 1, 'Charge'),
(1479, 100, 1, 'Tackle'),
(1480, 100, 4, 'Thunder Shock'),
(1481, 100, 6, 'Eerie Impulse'),
(1482, 100, 9, 'Spark'),
(1483, 100, 11, 'Rollout'),
(1484, 100, 13, 'Screech'),
(1485, 100, 16, 'Charge Beam'),
(1486, 100, 20, 'Swift'),
(1487, 100, 22, 'Electro Ball'),
(1488, 100, 26, 'Self-Destruct'),
(1489, 100, 29, 'Light Screen'),
(1490, 100, 34, 'Magnet Rise'),
(1491, 100, 37, 'Discharge'),
(1492, 100, 41, 'Explosion'),
(1493, 100, 46, 'Gyro Ball'),
(1494, 100, 50, 'Mirror Coat'),
(1495, 101, 1, 'Charge'),
(1496, 101, 1, 'Eerie Impulse'),
(1497, 101, 1, 'Magnetic Flux'),
(1498, 101, 1, 'Tackle'),
(1499, 101, 1, 'Thunder Shock'),
(1500, 101, 9, 'Spark'),
(1501, 101, 11, 'Rollout'),
(1502, 101, 13, 'Screech'),
(1503, 101, 16, 'Charge Beam'),
(1504, 101, 20, 'Swift'),
(1505, 101, 22, 'Electro Ball'),
(1506, 101, 26, 'Self-Destruct'),
(1507, 101, 29, 'Light Screen'),
(1508, 101, 36, 'Magnet Rise'),
(1509, 101, 41, 'Discharge'),
(1510, 101, 47, 'Explosion'),
(1511, 101, 54, 'Gyro Ball'),
(1512, 101, 58, 'Mirror Coat'),
(1513, 102, 1, 'Absorb'),
(1514, 102, 1, 'Hypnosis'),
(1515, 102, 5, 'Reflect'),
(1516, 102, 10, 'Leech Seed'),
(1517, 102, 15, 'Mega Drain'),
(1518, 102, 20, 'Confusion'),
(1519, 102, 25, 'Synthesis'),
(1520, 102, 30, 'Bullet Seed'),
(1521, 102, 35, 'Giga Drain'),
(1522, 102, 40, 'Extrasensory'),
(1523, 102, 45, 'Uproar'),
(1524, 102, 50, 'Worry Seed'),
(1525, 102, 55, 'Solar Beam'),
(1526, 103, 1, 'Absorb'),
(1527, 103, 1, 'Bullet Seed'),
(1528, 103, 1, 'Confusion'),
(1529, 103, 1, 'Extrasensory'),
(1530, 103, 1, 'Giga Drain'),
(1531, 103, 1, 'Hypnosis'),
(1532, 103, 1, 'Leaf Storm'),
(1533, 103, 1, 'Leech Seed'),
(1534, 103, 1, 'Mega Drain'),
(1535, 103, 1, 'Psyshock'),
(1536, 103, 1, 'Reflect'),
(1537, 103, 1, 'Seed Bomb'),
(1538, 103, 1, 'Solar Beam'),
(1539, 103, 1, 'Stomp'),
(1540, 103, 1, 'Synthesis'),
(1541, 103, 1, 'Uproar'),
(1542, 103, 1, 'Wood Hammer'),
(1543, 103, 1, 'Worry Seed'),
(1544, 104, 1, 'Growl'),
(1545, 104, 1, 'Mud-Slap'),
(1546, 104, 4, 'Tail Whip'),
(1547, 104, 8, 'False Swipe'),
(1548, 104, 12, 'Headbutt'),
(1549, 104, 16, 'Retaliate'),
(1550, 104, 20, 'Fling'),
(1551, 104, 24, 'Stomping Tantrum'),
(1552, 104, 29, 'Bone Rush'),
(1553, 104, 32, 'Focus Energy'),
(1554, 104, 36, 'Endeavor'),
(1555, 104, 40, 'Bonemerang'),
(1556, 104, 44, 'Thrash'),
(1557, 104, 48, 'Double-Edge'),
(1558, 105, 1, 'False Swipe'),
(1559, 105, 1, 'Growl'),
(1560, 105, 1, 'Mud-Slap'),
(1561, 105, 1, 'Tail Whip'),
(1562, 105, 12, 'Headbutt'),
(1563, 105, 16, 'Retaliate'),
(1564, 105, 20, 'Fling'),
(1565, 105, 24, 'Stomping Tantrum'),
(1566, 105, 31, 'Bone Rush'),
(1567, 105, 36, 'Focus Energy'),
(1568, 105, 42, 'Endeavor'),
(1569, 105, 48, 'Bonemerang'),
(1570, 105, 54, 'Thrash'),
(1571, 105, 60, 'Double-Edge'),
(1572, 106, 1, 'Brick Break'),
(1573, 106, 1, 'Fake Out'),
(1574, 106, 1, 'Feint'),
(1575, 106, 1, 'Focus Energy'),
(1576, 106, 1, 'Helping Hand'),
(1577, 106, 1, 'Low Sweep'),
(1578, 106, 1, 'Tackle'),
(1579, 106, 4, 'Double Kick'),
(1580, 106, 8, 'Low Kick'),
(1581, 106, 12, 'Endure'),
(1582, 106, 16, 'Revenge'),
(1583, 106, 21, 'Wide Guard'),
(1584, 106, 24, 'Blaze Kick'),
(1585, 106, 28, 'Mind Reader'),
(1586, 106, 32, 'Mega Kick'),
(1587, 106, 36, 'Close Combat'),
(1588, 106, 40, 'Reversal'),
(1589, 106, 44, 'High Jump Kick'),
(1590, 107, 1, 'Bullet Punch'),
(1591, 107, 1, 'Drain Punch'),
(1592, 107, 1, 'Fake Out'),
(1593, 107, 1, 'Feint'),
(1594, 107, 1, 'Focus Energy'),
(1595, 107, 1, 'Helping Hand'),
(1596, 107, 1, 'Tackle'),
(1597, 107, 1, 'Vacuum Wave'),
(1598, 107, 4, 'Mach Punch'),
(1599, 107, 8, 'Power-Up Punch'),
(1600, 107, 12, 'Detect'),
(1601, 107, 16, 'Revenge'),
(1602, 107, 21, 'Quick Guard'),
(1603, 107, 24, 'Fire Punch'),
(1604, 107, 24, 'Ice Punch'),
(1605, 107, 24, 'Thunder Punch'),
(1606, 107, 28, 'Agility'),
(1607, 107, 32, 'Mega Punch'),
(1608, 107, 36, 'Close Combat'),
(1609, 107, 40, 'Counter'),
(1610, 107, 44, 'Focus Punch'),
(1611, 108, 1, 'Defense Curl'),
(1612, 108, 1, 'Lick'),
(1613, 108, 6, 'Rollout'),
(1614, 108, 12, 'Supersonic'),
(1615, 108, 18, 'Wrap'),
(1616, 108, 24, 'Disable'),
(1617, 108, 30, 'Stomp'),
(1618, 108, 36, 'Knock Off'),
(1619, 108, 42, 'Screech'),
(1620, 108, 48, 'Slam'),
(1621, 108, 54, 'Power Whip'),
(1622, 108, 60, 'Belly Drum'),
(1623, 109, 1, 'Poison Gas'),
(1624, 109, 1, 'Tackle'),
(1625, 109, 4, 'Smog'),
(1626, 109, 8, 'Smokescreen'),
(1627, 109, 12, 'Clear Smog'),
(1628, 109, 16, 'Assurance'),
(1629, 109, 20, 'Sludge'),
(1630, 109, 24, 'Haze'),
(1631, 109, 28, 'Self-Destruct'),
(1632, 109, 32, 'Sludge Bomb'),
(1633, 109, 36, 'Toxic'),
(1634, 109, 40, 'Belch'),
(1635, 109, 44, 'Explosion'),
(1636, 109, 48, 'Memento'),
(1637, 109, 52, 'Destiny Bond'),
(1638, 110, 1, 'Double Hit'),
(1639, 110, 1, 'Heat Wave'),
(1640, 110, 1, 'Poison Gas'),
(1641, 110, 1, 'Smog'),
(1642, 110, 1, 'Smokescreen'),
(1643, 110, 1, 'Tackle'),
(1644, 110, 12, 'Clear Smog'),
(1645, 110, 16, 'Assurance'),
(1646, 110, 20, 'Sludge'),
(1647, 110, 24, 'Haze'),
(1648, 110, 28, 'Self-Destruct'),
(1649, 110, 32, 'Sludge Bomb'),
(1650, 110, 38, 'Toxic'),
(1651, 110, 44, 'Belch'),
(1652, 110, 50, 'Explosion'),
(1653, 110, 56, 'Memento'),
(1654, 110, 62, 'Destiny Bond'),
(1655, 111, 1, 'Tackle'),
(1656, 111, 1, 'Tail Whip'),
(1657, 111, 5, 'Smack Down'),
(1658, 111, 10, 'Bulldoze'),
(1659, 111, 15, 'Horn Attack'),
(1660, 111, 20, 'Scary Face'),
(1661, 111, 25, 'Stomp'),
(1662, 111, 30, 'Rock Blast'),
(1663, 111, 35, 'Drill Run'),
(1664, 111, 40, 'Take Down'),
(1665, 111, 45, 'Earthquake'),
(1666, 111, 50, 'Stone Edge'),
(1667, 111, 55, 'Megahorn'),
(1668, 111, 60, 'Horn Drill'),
(1669, 112, 1, 'Bulldoze'),
(1670, 112, 1, 'Hammer Arm'),
(1671, 112, 1, 'Smack Down'),
(1672, 112, 1, 'Tackle'),
(1673, 112, 1, 'Tail Whip'),
(1674, 112, 15, 'Horn Attack'),
(1675, 112, 20, 'Scary Face'),
(1676, 112, 25, 'Stomp'),
(1677, 112, 30, 'Rock Blast'),
(1678, 112, 35, 'Drill Run'),
(1679, 112, 40, 'Take Down'),
(1680, 112, 47, 'Earthquake'),
(1681, 112, 54, 'Stone Edge'),
(1682, 112, 61, 'Megahorn'),
(1683, 112, 68, 'Horn Drill'),
(1684, 113, 1, 'Charm'),
(1685, 113, 1, 'Copycat'),
(1686, 113, 1, 'Covet'),
(1687, 113, 1, 'Defense Curl'),
(1688, 113, 1, 'Disarming Voice'),
(1689, 113, 1, 'Pound'),
(1690, 113, 1, 'Sweet Kiss'),
(1691, 113, 4, 'Tail Whip'),
(1692, 113, 8, 'Echoed Voice'),
(1693, 113, 12, 'Life Dew'),
(1694, 113, 16, 'Sing'),
(1695, 113, 20, 'Fling'),
(1696, 113, 24, 'Take Down'),
(1697, 113, 28, 'Heal Pulse'),
(1698, 113, 32, 'Helping Hand'),
(1699, 113, 36, 'Light Screen'),
(1700, 113, 40, 'Double-Edge'),
(1701, 113, 44, 'Soft-Boiled'),
(1702, 113, 48, 'Last Resort'),
(1703, 113, 52, 'Healing Wish'),
(1704, 114, 1, 'Absorb'),
(1705, 114, 1, 'Bind'),
(1706, 114, 4, 'Stun Spore'),
(1707, 114, 8, 'Growth'),
(1708, 114, 12, 'Mega Drain'),
(1709, 114, 16, 'Vine Whip'),
(1710, 114, 20, 'Poison Powder'),
(1711, 114, 24, 'Ancient Power'),
(1712, 114, 28, 'Knock Off'),
(1713, 114, 32, 'Giga Drain'),
(1714, 114, 36, 'Sleep Powder'),
(1715, 114, 40, 'Slam'),
(1716, 114, 44, 'Tickle'),
(1717, 114, 48, 'Power Whip'),
(1718, 114, 52, 'Ingrain'),
(1719, 114, 56, 'Grassy Terrain'),
(1720, 115, 1, 'Pound'),
(1721, 115, 1, 'Tail Whip'),
(1722, 115, 4, 'Growl'),
(1723, 115, 8, 'Fake Out'),
(1724, 115, 12, 'Bite'),
(1725, 115, 16, 'Stomp'),
(1726, 115, 20, 'Focus Energy'),
(1727, 115, 24, 'Headbutt'),
(1728, 115, 28, 'Sucker Punch'),
(1729, 115, 32, 'Double Hit'),
(1730, 115, 36, 'Crunch'),
(1731, 115, 40, 'Endure'),
(1732, 115, 44, 'Reversal'),
(1733, 115, 48, 'Outrage'),
(1734, 115, 52, 'Last Resort'),
(1735, 116, 1, 'Leer'),
(1736, 116, 1, 'Water Gun'),
(1737, 116, 5, 'Smokescreen'),
(1738, 116, 10, 'Twister'),
(1739, 116, 15, 'Focus Energy'),
(1740, 116, 20, 'Dragon Breath'),
(1741, 116, 25, 'Bubble Beam'),
(1742, 116, 30, 'Agility'),
(1743, 116, 35, 'Laser Focus'),
(1744, 116, 40, 'Dragon Pulse'),
(1745, 116, 45, 'Hydro Pump'),
(1746, 116, 50, 'Dragon Dance'),
(1747, 116, 55, 'Rain Dance'),
(1748, 117, 1, 'Leer'),
(1749, 117, 1, 'Smokescreen'),
(1750, 117, 1, 'Twister'),
(1751, 117, 1, 'Water Gun'),
(1752, 117, 15, 'Focus Energy'),
(1753, 117, 20, 'Dragon Breath'),
(1754, 117, 25, 'Bubble Beam'),
(1755, 117, 30, 'Agility'),
(1756, 117, 37, 'Laser Focus'),
(1757, 117, 44, 'Dragon Pulse'),
(1758, 117, 51, 'Hydro Pump'),
(1759, 117, 58, 'Dragon Dance'),
(1760, 117, 65, 'Rain Dance'),
(1761, 118, 1, 'Peck'),
(1762, 118, 1, 'Tail Whip'),
(1763, 118, 5, 'Supersonic'),
(1764, 118, 10, 'Water Pulse'),
(1765, 118, 15, 'Horn Attack'),
(1766, 118, 20, 'Agility'),
(1767, 118, 25, 'Aqua Ring'),
(1768, 118, 30, 'Flail'),
(1769, 118, 35, 'Waterfall'),
(1770, 118, 40, 'Soak'),
(1771, 118, 45, 'Megahorn'),
(1772, 118, 50, 'Horn Drill'),
(1773, 119, 1, 'Peck'),
(1774, 119, 1, 'Supersonic'),
(1775, 119, 1, 'Tail Whip'),
(1776, 119, 1, 'Water Pulse'),
(1777, 119, 15, 'Horn Attack'),
(1778, 119, 20, 'Agility'),
(1779, 119, 25, 'Aqua Ring'),
(1780, 119, 30, 'Flail'),
(1781, 119, 37, 'Waterfall'),
(1782, 119, 44, 'Soak'),
(1783, 119, 51, 'Megahorn'),
(1784, 119, 58, 'Horn Drill'),
(1785, 120, 1, 'Harden'),
(1786, 120, 1, 'Tackle'),
(1787, 120, 4, 'Water Gun'),
(1788, 120, 8, 'Confuse Ray'),
(1789, 120, 12, 'Rapid Spin'),
(1790, 120, 16, 'Minimize'),
(1791, 120, 20, 'Swift'),
(1792, 120, 24, 'Psybeam'),
(1793, 120, 28, 'Brine'),
(1794, 120, 32, 'Light Screen'),
(1795, 120, 36, 'Power Gem'),
(1796, 120, 40, 'Psychic'),
(1797, 120, 44, 'Surf'),
(1798, 120, 48, 'Recover'),
(1799, 120, 52, 'Cosmic Power'),
(1800, 120, 56, 'Hydro Pump'),
(1801, 121, 1, 'Brine'),
(1802, 121, 1, 'Confuse Ray'),
(1803, 121, 1, 'Cosmic Power'),
(1804, 121, 1, 'Harden'),
(1805, 121, 1, 'Hydro Pump'),
(1806, 121, 1, 'Light Screen'),
(1807, 121, 1, 'Minimize'),
(1808, 121, 1, 'Power Gem'),
(1809, 121, 1, 'Psybeam'),
(1810, 121, 1, 'Psychic'),
(1811, 121, 1, 'Rapid Spin'),
(1812, 121, 1, 'Recover'),
(1813, 121, 1, 'Surf'),
(1814, 121, 1, 'Swift'),
(1815, 121, 1, 'Tackle'),
(1816, 121, 1, 'Water Gun'),
(1817, 122, 1, 'Baton Pass'),
(1818, 122, 1, 'Copycat'),
(1819, 122, 1, 'Encore'),
(1820, 122, 1, 'Guard Swap'),
(1821, 122, 1, 'Pound'),
(1822, 122, 1, 'Power Swap'),
(1823, 122, 1, 'Quick Guard'),
(1824, 122, 1, 'Wide Guard'),
(1825, 122, 12, 'Confusion'),
(1826, 122, 16, 'Role Play'),
(1827, 122, 20, 'Protect'),
(1828, 122, 24, 'Recycle'),
(1829, 122, 28, 'Psybeam'),
(1830, 122, 32, 'Mimic'),
(1831, 122, 36, 'Light Screen'),
(1832, 122, 36, 'Reflect'),
(1833, 122, 36, 'Safeguard'),
(1834, 122, 40, 'Sucker Punch'),
(1835, 122, 44, 'Dazzling Gleam'),
(1836, 122, 48, 'Psychic'),
(1837, 122, 52, 'Teeter Dance'),
(1838, 123, 1, 'Leer'),
(1839, 123, 1, 'Quick Attack'),
(1840, 123, 4, 'Fury Cutter'),
(1841, 123, 8, 'False Swipe'),
(1842, 123, 12, 'Wing Attack'),
(1843, 123, 16, 'Double Team'),
(1844, 123, 20, 'Double Hit'),
(1845, 123, 24, 'Slash'),
(1846, 123, 28, 'Focus Energy'),
(1847, 123, 32, 'Agility'),
(1848, 123, 36, 'Air Slash'),
(1849, 123, 40, 'X-Scissor'),
(1850, 123, 44, 'Swords Dance'),
(1851, 124, 1, 'Copycat'),
(1852, 124, 1, 'Lick'),
(1853, 124, 1, 'Pound'),
(1854, 124, 1, 'Powder Snow'),
(1855, 124, 1, 'Sweet Kiss'),
(1856, 124, 12, 'Confusion'),
(1857, 124, 16, 'Covet'),
(1858, 124, 20, 'Sing'),
(1859, 124, 24, 'Fake Tears'),
(1860, 124, 28, 'Ice Punch'),
(1861, 124, 34, 'Psychic'),
(1862, 124, 40, 'Lovely Kiss'),
(1863, 124, 46, 'Mean Look'),
(1864, 124, 52, 'Perish Song'),
(1865, 124, 58, 'Blizzard'),
(1866, 125, 1, 'Charge'),
(1867, 125, 1, 'Leer'),
(1868, 125, 1, 'Quick Attack'),
(1869, 125, 1, 'Thunder Shock'),
(1870, 125, 12, 'Swift'),
(1871, 125, 16, 'Shock Wave'),
(1872, 125, 20, 'Thunder Wave'),
(1873, 125, 24, 'Screech'),
(1874, 125, 28, 'Thunder Punch'),
(1875, 125, 34, 'Discharge'),
(1876, 125, 40, 'Low Kick'),
(1877, 125, 46, 'Thunderbolt'),
(1878, 125, 52, 'Light Screen'),
(1879, 125, 58, 'Thunder'),
(1880, 125, 64, 'Giga Impact'),
(1881, 126, 1, 'Ember'),
(1882, 126, 1, 'Leer'),
(1883, 126, 1, 'Smog'),
(1884, 126, 1, 'Smokescreen'),
(1885, 126, 12, 'Clear Smog'),
(1886, 126, 16, 'Flame Wheel'),
(1887, 126, 20, 'Confuse Ray'),
(1888, 126, 24, 'Scary Face'),
(1889, 126, 28, 'Fire Punch'),
(1890, 126, 34, 'Lava Plume'),
(1891, 126, 40, 'Low Kick'),
(1892, 126, 46, 'Flamethrower'),
(1893, 126, 52, 'Sunny Day'),
(1894, 126, 58, 'Fire Blast'),
(1895, 126, 64, 'Hyper Beam'),
(1896, 127, 1, 'Harden'),
(1897, 127, 1, 'Vise Grip'),
(1898, 127, 4, 'Focus Energy'),
(1899, 127, 8, 'Bind'),
(1900, 127, 12, 'Seismic Toss'),
(1901, 127, 16, 'Bug Bite'),
(1902, 127, 20, 'Storm Throw'),
(1903, 127, 24, 'Double Hit'),
(1904, 127, 28, 'Vital Throw'),
(1905, 127, 32, 'X-Scissor'),
(1906, 127, 36, 'Strength'),
(1907, 127, 40, 'Swords Dance'),
(1908, 127, 44, 'Submission'),
(1909, 127, 48, 'Guillotine'),
(1910, 127, 52, 'Superpower'),
(1911, 128, 1, 'Tackle'),
(1912, 128, 1, 'Tail Whip'),
(1913, 128, 5, 'Work Up'),
(1914, 128, 10, 'Payback'),
(1915, 128, 15, 'Assurance'),
(1916, 128, 20, 'Horn Attack'),
(1917, 128, 25, 'Scary Face'),
(1918, 128, 30, 'Zen Headbutt'),
(1919, 128, 35, 'Raging Bull'),
(1920, 128, 40, 'Rest'),
(1921, 128, 45, 'Swagger'),
(1922, 128, 50, 'Thrash'),
(1923, 128, 55, 'Double-Edge'),
(1924, 128, 60, 'Giga Impact'),
(1925, 129, 1, 'Splash'),
(1926, 129, 15, 'Tackle');
INSERT INTO `ability` (`id`, `pokemon_id`, `level`, `move`) VALUES
(1927, 129, 25, 'Flail'),
(1928, 130, 1, 'Flail'),
(1929, 130, 1, 'Leer'),
(1930, 130, 1, 'Splash'),
(1931, 130, 1, 'Tackle'),
(1932, 130, 1, 'Twister'),
(1933, 130, 4, 'Whirlpool'),
(1934, 130, 8, 'Ice Fang'),
(1935, 130, 12, 'Brine'),
(1936, 130, 16, 'Scary Face'),
(1937, 130, 21, 'Waterfall'),
(1938, 130, 24, 'Crunch'),
(1939, 130, 28, 'Rain Dance'),
(1940, 130, 32, 'Aqua Tail'),
(1941, 130, 36, 'Dragon Dance'),
(1942, 130, 40, 'Hydro Pump'),
(1943, 130, 44, 'Hurricane'),
(1944, 130, 48, 'Thrash'),
(1945, 130, 52, 'Hyper Beam'),
(1946, 131, 1, 'Growl'),
(1947, 131, 1, 'Water Gun'),
(1948, 131, 5, 'Sing'),
(1949, 131, 10, 'Mist'),
(1950, 131, 15, 'Life Dew'),
(1951, 131, 20, 'Ice Shard'),
(1952, 131, 25, 'Confuse Ray'),
(1953, 131, 30, 'Water Pulse'),
(1954, 131, 35, 'Brine'),
(1955, 131, 40, 'Body Slam'),
(1956, 131, 45, 'Ice Beam'),
(1957, 131, 50, 'Rain Dance'),
(1958, 131, 55, 'Hydro Pump'),
(1959, 131, 60, 'Perish Song'),
(1960, 131, 65, 'Sheer Cold'),
(1961, 132, 1, 'Transform'),
(1962, 133, 1, 'Covet'),
(1963, 133, 1, 'Growl'),
(1964, 133, 1, 'Helping Hand'),
(1965, 133, 1, 'Tackle'),
(1966, 133, 1, 'Tail Whip'),
(1967, 133, 5, 'Sand Attack'),
(1968, 133, 10, 'Quick Attack'),
(1969, 133, 15, 'Baby-Doll Eyes'),
(1970, 133, 20, 'Swift'),
(1971, 133, 25, 'Bite'),
(1972, 133, 30, 'Copycat'),
(1973, 133, 35, 'Baton Pass'),
(1974, 133, 40, 'Take Down'),
(1975, 133, 45, 'Charm'),
(1976, 133, 50, 'Double-Edge'),
(1977, 133, 55, 'Last Resort'),
(1978, 134, 1, 'Baton Pass'),
(1979, 134, 1, 'Bite'),
(1980, 134, 1, 'Charm'),
(1981, 134, 1, 'Copycat'),
(1982, 134, 1, 'Covet'),
(1983, 134, 1, 'Double-Edge'),
(1984, 134, 1, 'Growl'),
(1985, 134, 1, 'Helping Hand'),
(1986, 134, 1, 'Swift'),
(1987, 134, 1, 'Tackle'),
(1988, 134, 1, 'Tail Whip'),
(1989, 134, 1, 'Take Down'),
(1990, 134, 5, 'Sand Attack'),
(1991, 134, 10, 'Quick Attack'),
(1992, 134, 15, 'Baby-Doll Eyes'),
(1993, 134, 20, 'Haze'),
(1994, 134, 25, 'Water Pulse'),
(1995, 134, 30, 'Aurora Beam'),
(1996, 134, 35, 'Aqua Ring'),
(1997, 134, 40, 'Muddy Water'),
(1998, 134, 45, 'Acid Armor'),
(1999, 134, 50, 'Hydro Pump'),
(2000, 134, 55, 'Last Resort'),
(2001, 135, 1, 'Baton Pass'),
(2002, 135, 1, 'Bite'),
(2003, 135, 1, 'Charm'),
(2004, 135, 1, 'Copycat'),
(2005, 135, 1, 'Covet'),
(2006, 135, 1, 'Double-Edge'),
(2007, 135, 1, 'Growl'),
(2008, 135, 1, 'Helping Hand'),
(2009, 135, 1, 'Swift'),
(2010, 135, 1, 'Tackle'),
(2011, 135, 1, 'Tail Whip'),
(2012, 135, 1, 'Take Down'),
(2013, 135, 5, 'Sand Attack'),
(2014, 135, 10, 'Quick Attack'),
(2015, 135, 15, 'Baby-Doll Eyes'),
(2016, 135, 20, 'Thunder Wave'),
(2017, 135, 25, 'Double Kick'),
(2018, 135, 30, 'Thunder Fang'),
(2019, 135, 35, 'Pin Missile'),
(2020, 135, 40, 'Discharge'),
(2021, 135, 45, 'Agility'),
(2022, 135, 50, 'Thunder'),
(2023, 135, 55, 'Last Resort'),
(2024, 136, 1, 'Baton Pass'),
(2025, 136, 1, 'Charm'),
(2026, 136, 1, 'Copycat'),
(2027, 136, 1, 'Covet'),
(2028, 136, 1, 'Double-Edge'),
(2029, 136, 1, 'Growl'),
(2030, 136, 1, 'Helping Hand'),
(2031, 136, 1, 'Swift'),
(2032, 136, 1, 'Tackle'),
(2033, 136, 1, 'Tail Whip'),
(2034, 136, 1, 'Take Down'),
(2035, 136, 5, 'Sand Attack'),
(2036, 136, 10, 'Quick Attack'),
(2037, 136, 15, 'Baby-Doll Eyes'),
(2038, 136, 20, 'Smog'),
(2039, 136, 25, 'Bite'),
(2040, 136, 30, 'Fire Fang'),
(2041, 136, 35, 'Fire Spin'),
(2042, 136, 40, 'Lava Plume'),
(2043, 136, 45, 'Scary Face'),
(2044, 136, 50, 'Flare Blitz'),
(2045, 136, 55, 'Last Resort'),
(2046, 137, 1, 'Conversion'),
(2047, 137, 1, 'Tackle'),
(2048, 137, 5, 'Recycle'),
(2049, 137, 10, 'Magnet Rise'),
(2050, 137, 15, 'Thunder Shock'),
(2051, 137, 20, 'Psybeam'),
(2052, 137, 25, 'Conversion 2'),
(2053, 137, 30, 'Agility'),
(2054, 137, 35, 'Recover'),
(2055, 137, 40, 'Discharge'),
(2056, 137, 45, 'Tri Attack'),
(2057, 137, 50, 'Magic Coat'),
(2058, 137, 55, 'Lock-On'),
(2059, 137, 60, 'Zap Cannon'),
(2060, 138, 1, 'Bind'),
(2061, 138, 1, 'Withdraw'),
(2062, 138, 5, 'Rollout'),
(2063, 138, 10, 'Sand Attack'),
(2064, 138, 15, 'Water Gun'),
(2065, 138, 20, 'Leer'),
(2066, 138, 25, 'Mud Shot'),
(2067, 138, 30, 'Ancient Power'),
(2068, 138, 35, 'Brine'),
(2069, 138, 41, 'Protect'),
(2070, 138, 45, 'Rock Blast'),
(2071, 138, 50, 'Surf'),
(2072, 138, 55, 'Shell Smash'),
(2073, 138, 60, 'Hydro Pump'),
(2074, 139, 1, 'Bind'),
(2075, 139, 1, 'Crunch'),
(2076, 139, 1, 'Rollout'),
(2077, 139, 1, 'Sand Attack'),
(2078, 139, 1, 'Withdraw'),
(2079, 139, 15, 'Water Gun'),
(2080, 139, 20, 'Leer'),
(2081, 139, 25, 'Mud Shot'),
(2082, 139, 30, 'Ancient Power'),
(2083, 139, 35, 'Brine'),
(2084, 139, 43, 'Protect'),
(2085, 139, 49, 'Rock Blast'),
(2086, 139, 56, 'Surf'),
(2087, 139, 63, 'Shell Smash'),
(2088, 139, 70, 'Hydro Pump'),
(2089, 140, 1, 'Absorb'),
(2090, 140, 1, 'Harden'),
(2091, 140, 5, 'Scratch'),
(2092, 140, 10, 'Sand Attack'),
(2093, 140, 15, 'Aqua Jet'),
(2094, 140, 20, 'Leer'),
(2095, 140, 25, 'Mud Shot'),
(2096, 140, 30, 'Ancient Power'),
(2097, 140, 35, 'Brine'),
(2098, 140, 41, 'Protect'),
(2099, 140, 45, 'Leech Life'),
(2100, 140, 50, 'Liquidation'),
(2101, 140, 55, 'Metal Sound'),
(2102, 140, 60, 'Stone Edge'),
(2103, 141, 1, 'Absorb'),
(2104, 141, 1, 'Feint'),
(2105, 141, 1, 'Harden'),
(2106, 141, 1, 'Night Slash'),
(2107, 141, 1, 'Sand Attack'),
(2108, 141, 1, 'Scratch'),
(2109, 141, 1, 'Slash'),
(2110, 141, 15, 'Aqua Jet'),
(2111, 141, 20, 'Leer'),
(2112, 141, 25, 'Mud Shot'),
(2113, 141, 30, 'Ancient Power'),
(2114, 141, 35, 'Brine'),
(2115, 141, 43, 'Protect'),
(2116, 141, 49, 'Leech Life'),
(2117, 141, 56, 'Liquidation'),
(2118, 141, 63, 'Metal Sound'),
(2119, 141, 70, 'Stone Edge'),
(2120, 142, 1, 'Ancient Power'),
(2121, 142, 1, 'Bite'),
(2122, 142, 5, 'Supersonic'),
(2123, 142, 10, 'Wing Attack'),
(2124, 142, 15, 'Scary Face'),
(2125, 142, 20, 'Rock Slide'),
(2126, 142, 25, 'Roar'),
(2127, 142, 30, 'Crunch'),
(2128, 142, 35, 'Iron Head'),
(2129, 142, 40, 'Take Down'),
(2130, 142, 45, 'Stone Edge'),
(2131, 142, 50, 'Agility'),
(2132, 142, 55, 'Hyper Beam'),
(2133, 142, 60, 'Giga Impact'),
(2134, 143, 1, 'Block'),
(2135, 143, 1, 'Covet'),
(2136, 143, 1, 'Defense Curl'),
(2137, 143, 1, 'Flail'),
(2138, 143, 1, 'Fling'),
(2139, 143, 1, 'Last Resort'),
(2140, 143, 1, 'Lick'),
(2141, 143, 1, 'Metronome'),
(2142, 143, 1, 'Recycle'),
(2143, 143, 1, 'Screech'),
(2144, 143, 1, 'Stockpile'),
(2145, 143, 1, 'Swallow'),
(2146, 143, 1, 'Tackle'),
(2147, 143, 12, 'Yawn'),
(2148, 143, 16, 'Bite'),
(2149, 143, 20, 'Rest'),
(2150, 143, 20, 'Sleep Talk'),
(2151, 143, 20, 'Snore'),
(2152, 143, 24, 'Crunch'),
(2153, 143, 28, 'Body Slam'),
(2154, 143, 32, 'Heavy Slam'),
(2155, 143, 36, 'Amnesia'),
(2156, 143, 40, 'High Horsepower'),
(2157, 143, 44, 'Hammer Arm'),
(2158, 143, 48, 'Belly Drum'),
(2159, 143, 52, 'Belch'),
(2160, 143, 56, 'Giga Impact'),
(2161, 144, 1, 'Gust'),
(2162, 144, 1, 'Mist'),
(2163, 144, 5, 'Powder Snow'),
(2164, 144, 10, 'Reflect'),
(2165, 144, 15, 'Ice Shard'),
(2166, 144, 20, 'Agility'),
(2167, 144, 25, 'Ancient Power'),
(2168, 144, 30, 'Tailwind'),
(2169, 144, 35, 'Freeze-Dry'),
(2170, 144, 40, 'Roost'),
(2171, 144, 45, 'Ice Beam'),
(2172, 144, 50, 'Snowscape'),
(2173, 144, 55, 'Hurricane'),
(2174, 144, 60, 'Haze'),
(2175, 144, 65, 'Blizzard'),
(2176, 144, 70, 'Sheer Cold'),
(2177, 145, 1, 'Peck'),
(2178, 145, 1, 'Thunder Wave'),
(2179, 145, 5, 'Thunder Shock'),
(2180, 145, 10, 'Light Screen'),
(2181, 145, 15, 'Pluck'),
(2182, 145, 20, 'Agility'),
(2183, 145, 25, 'Ancient Power'),
(2184, 145, 30, 'Charge'),
(2185, 145, 35, 'Drill Peck'),
(2186, 145, 40, 'Roost'),
(2187, 145, 45, 'Discharge'),
(2188, 145, 50, 'Rain Dance'),
(2189, 145, 55, 'Thunder'),
(2190, 145, 60, 'Detect'),
(2191, 145, 65, 'Magnetic Flux'),
(2192, 145, 70, 'Zap Cannon'),
(2193, 146, 1, 'Gust'),
(2194, 146, 1, 'Leer'),
(2195, 146, 5, 'Ember'),
(2196, 146, 10, 'Safeguard'),
(2197, 146, 15, 'Wing Attack'),
(2198, 146, 20, 'Agility'),
(2199, 146, 25, 'Ancient Power'),
(2200, 146, 30, 'Incinerate'),
(2201, 146, 35, 'Air Slash'),
(2202, 146, 40, 'Roost'),
(2203, 146, 45, 'Heat Wave'),
(2204, 146, 50, 'Sunny Day'),
(2205, 146, 55, 'Hurricane'),
(2206, 146, 60, 'Endure'),
(2207, 146, 65, 'Overheat'),
(2208, 146, 70, 'Sky Attack'),
(2209, 147, 1, 'Leer'),
(2210, 147, 1, 'Wrap'),
(2211, 147, 5, 'Twister'),
(2212, 147, 10, 'Thunder Wave'),
(2213, 147, 15, 'Dragon Tail'),
(2214, 147, 20, 'Agility'),
(2215, 147, 25, 'Slam'),
(2216, 147, 31, 'Aqua Tail'),
(2217, 147, 35, 'Dragon Rush'),
(2218, 147, 40, 'Safeguard'),
(2219, 147, 45, 'Rain Dance'),
(2220, 147, 50, 'Dragon Dance'),
(2221, 147, 55, 'Outrage'),
(2222, 147, 60, 'Hyper Beam'),
(2223, 148, 1, 'Leer'),
(2224, 148, 1, 'Thunder Wave'),
(2225, 148, 1, 'Twister'),
(2226, 148, 1, 'Wrap'),
(2227, 148, 15, 'Dragon Tail'),
(2228, 148, 20, 'Agility'),
(2229, 148, 25, 'Slam'),
(2230, 148, 33, 'Aqua Tail'),
(2231, 148, 39, 'Dragon Rush'),
(2232, 148, 46, 'Safeguard'),
(2233, 148, 53, 'Rain Dance'),
(2234, 148, 60, 'Dragon Dance'),
(2235, 148, 67, 'Outrage'),
(2236, 148, 74, 'Hyper Beam'),
(2237, 149, 1, 'Extreme Speed'),
(2238, 149, 1, 'Fire Punch'),
(2239, 149, 1, 'Leer'),
(2240, 149, 1, 'Roost'),
(2241, 149, 1, 'Thunder Punch'),
(2242, 149, 1, 'Thunder Wave'),
(2243, 149, 1, 'Twister'),
(2244, 149, 1, 'Wing Attack'),
(2245, 149, 1, 'Wrap'),
(2246, 149, 15, 'Dragon Tail'),
(2247, 149, 20, 'Agility'),
(2248, 149, 25, 'Slam'),
(2249, 149, 33, 'Aqua Tail'),
(2250, 149, 39, 'Dragon Rush'),
(2251, 149, 41, 'Outrage'),
(2252, 149, 46, 'Safeguard'),
(2253, 149, 53, 'Rain Dance'),
(2254, 149, 62, 'Dragon Dance'),
(2255, 149, 80, 'Hyper Beam'),
(2256, 150, 1, 'Confusion'),
(2257, 150, 1, 'Disable'),
(2258, 150, 1, 'Life Dew'),
(2259, 150, 1, 'Swift'),
(2260, 150, 8, 'Ancient Power'),
(2261, 150, 16, 'Psycho Cut'),
(2262, 150, 24, 'Safeguard'),
(2263, 150, 32, 'Amnesia'),
(2264, 150, 40, 'Aura Sphere'),
(2265, 150, 48, 'Psychic'),
(2266, 150, 56, 'Guard Swap'),
(2267, 150, 56, 'Power Swap'),
(2268, 150, 64, 'Mist'),
(2269, 150, 72, 'Psystrike'),
(2270, 150, 80, 'Recover'),
(2271, 150, 88, 'Future Sight'),
(2272, 151, 1, 'Pound'),
(2273, 151, 1, 'Reflect Type'),
(2274, 151, 10, 'Amnesia'),
(2275, 151, 20, 'Baton Pass'),
(2276, 151, 30, 'Ancient Power'),
(2277, 151, 40, 'Life Dew'),
(2278, 151, 50, 'Nasty Plot'),
(2279, 151, 60, 'Metronome'),
(2280, 151, 70, 'Imprison'),
(2281, 151, 80, 'Transform'),
(2282, 151, 90, 'Aura Sphere'),
(2283, 151, 100, 'Psychic');

INSERT INTO `category` (`id`, `name`) VALUES
(1, 'Grass'),
(2, 'Fire'),
(3, 'Water'),
(4, 'Bug'),
(5, 'Normal'),
(6, 'Poison'),
(7, 'Electric'),
(8, 'Ground'),
(9, 'Fairy'),
(10, 'Fighting'),
(11, 'Psychic'),
(12, 'Rock'),
(13, 'Ghost'),
(14, 'Ice'),
(15, 'Dragon');

INSERT INTO `trainer` (`id`, `username`, `roles`, `password`, `first_name`, `last_name`, `experience`) VALUES
(1, 'ash', '[]', '$2y$13$I.9Wwc8nMtOYHvOI3NUXt.H2ZFnHDM4jBxfMXfpNdGyz1TgNN7Xxy', 'Ash', 'Ketchum', NULL),
(2, 'misty', '[]', '$2y$13$SO2J6h26ZDETGbjPiEYbRuOF.RAcL5KMQ9PeKqJPC8klEtgXmqNF2', 'Misty', '', NULL),
(3, 'brock', '[]', '$2y$13$qsWnFESX9l2P4jd8qbiY/uvxEmVSIP0bHB8e8eX/f0yoH8zAqnks.', 'Brock', '', NULL),
(4, 'tracey', '[]', '$2y$13$iyPFWSc8Hi6dcgsFjYb0Zu8G3MZDqwiuQPsSe1qqkZIfcUKN7t5cG', 'Tracey', 'Sketchit', NULL),
(5, 'gary', '[]', '$2y$13$STo1Dsx5qcRmJVVHJw6XNO9CmdBJ/U0NnfrQGjvAT5GAMaPGnDt22', 'Gary', 'Oak', NULL);
COMMIT;
